PLAYER;TEAM;AGE;GP;W;L;MIN;PTS;FGM;FGA;FG%;3PM;3PA;3P%;FTM;FTA;FT%;OREB;DREB;REB;AST;TOV;STL;BLK;PF;FP;DD2;TD3;+/-;SEASON
Luka Doncic;DAL;25;70;46;24;2624.0;2370;804;1652;48.7;284;744;38.2;478;608;78.6;59;588;647;686;282;99;38;149;4304;49;21;319;2023/2024
Shai Gilgeous-Alexander;OKC;25;75;55;20;2552.7;2254;796;1487;53.5;95;269;35.3;567;649;87.4;65;350;415;465;162;150;67;184;3939;8;0;613;2023/2024
Giannis Antetokounmpo;MIL;29;73;45;28;2567.2;2222;837;1369;61.1;34;124;27.4;514;782;65.7;196;645;841;476;250;87;79;210;4193;57;10;339;2023/2024
Jalen Brunson;NYK;27;77;49;28;2726.3;2212;790;1648;47.9;211;526;40.1;421;497;84.7;43;235;278;519;186;70;13;144;3387;9;0;512;2023/2024
Nikola Jokic;DEN;29;79;55;24;2736.5;2085;822;1411;58.3;83;231;35.9;358;438;81.7;223;753;976;708;237;108;68;194;4609;68;25;682;2023/2024
Anthony Edwards;MIN;22;79;54;25;2770.4;2049;718;1558;46.1;190;532;35.7;423;506;83.6;52;378;430;405;241;101;42;141;3361;9;0;432;2023/2024
Kevin Durant;PHX;35;75;44;31;2790.6;2032;751;1436;52.3;168;407;41.3;362;423;85.6;41;454;495;378;244;69;91;133;3429;14;1;291;2023/2024
Jayson Tatum;BOS;26;74;57;17;2645.2;1987;672;1426;47.1;229;609;37.6;414;497;83.3;67;534;601;364;188;75;43;145;3420;25;0;608;2023/2024
De'Aaron Fox;SAC;26;74;42;32;2658.8;1966;720;1549;46.5;214;580;36.9;312;423;73.8;67;273;340;418;194;150;31;193;3350;6;0;233;2023/2024
Stephen Curry;GSW;36;74;43;31;2421.5;1956;650;1445;45.0;357;876;40.8;299;324;92.3;37;293;330;379;210;54;28;117;2957;7;0;189;2023/2024
DeMar DeRozan;CHI;34;79;37;42;2988.6;1897;650;1355;48.0;75;225;33.3;522;612;85.3;43;297;340;421;135;90;45;161;3207;7;0;-62;2023/2024
Anthony Davis;LAL;31;76;45;31;2700.2;1876;713;1283;55.6;29;107;27.1;421;516;81.6;239;722;961;266;159;91;178;177;4076;64;2;151;2023/2024
Devin Booker;PHX;27;68;43;25;2446.7;1841;642;1305;49.2;152;418;36.4;405;457;88.6;56;252;308;472;178;61;28;206;3008;13;0;316;2023/2024
LeBron James;LAL;39;71;41;30;2503.7;1822;685;1269;54.0;149;363;41.0;303;404;75.0;61;457;518;589;245;89;38;78;3463;27;5;218;2023/2024
Tyrese Maxey;PHI;23;70;43;27;2625.8;1816;638;1419;45.0;212;569;37.3;328;378;86.8;36;222;258;433;116;69;33;151;2965;9;0;303;2023/2024
Paolo Banchero;ORL;21;80;46;34;2798.7;1804;640;1407;45.5;119;351;33.9;405;559;72.5;82;472;554;431;247;71;47;153;3222;16;2;1;2023/2024
Damian Lillard;MIL;33;73;48;25;2578.4;1775;541;1277;42.4;220;622;35.4;473;514;92.0;36;284;320;508;193;72;18;134;2998;12;0;389;2023/2024
Dejounte Murray;ATL;27;78;34;44;2783.3;1753;672;1463;45.9;201;554;36.3;208;262;79.4;62;354;416;502;201;111;24;138;3209;20;1;-154;2023/2024
Pascal Siakam;IND;30;80;38;42;2657.9;1737;681;1271;53.6;85;246;34.6;290;396;73.2;139;426;565;342;141;63;25;193;3051;15;1;113;2023/2024
Paul George;LAC;34;74;48;26;2501.8;1671;582;1236;47.1;243;588;41.3;264;291;90.7;37;351;388;262;153;113;37;202;2827;3;0;461;2023/2024
Kawhi Leonard;LAC;33;68;44;24;2330.0;1613;610;1162;52.5;140;336;41.7;253;286;88.5;84;332;416;244;119;111;59;97;2869;4;1;392;2023/2024
Jalen Green;HOU;22;82;41;41;2601.4;1610;563;1332;42.3;201;605;33.2;283;352;80.4;41;382;423;291;191;66;28;115;2645;7;1;31;2023/2024
Jaylen Brown;BOS;27;70;52;18;2342.5;1610;627;1256;49.9;145;410;35.4;211;300;70.3;84;303;387;249;166;83;37;185;2642;6;1;413;2023/2024
Mikal Bridges;BKN;27;82;32;50;2854.2;1606;564;1294;43.6;220;592;37.2;258;317;81.4;68;304;372;299;164;81;30;116;2670;3;0;-185;2023/2024
Zion Williamson;NOP;23;70;42;28;2206.9;1601;624;1094;57.0;6;18;33.3;347;494;70.2;122;284;406;352;193;76;47;159;2792;12;0;143;2023/2024
Domantas Sabonis;SAC;28;82;46;36;2928.0;1593;634;1068;59.4;33;87;37.9;292;415;70.4;294;826;1120;673;272;74;48;250;4041;77;26;69;2023/2024
Kyle Kuzma;WAS;28;70;13;57;2281.1;1553;608;1313;46.3;151;450;33.6;186;240;77.5;62;402;464;296;192;37;49;153;2620;14;0;-562;2023/2024
Victor Wembanyama;SAS;20;71;19;52;2106.2;1522;551;1186;46.5;128;394;32.5;292;367;79.6;161;594;755;274;260;88;254;153;3605;43;2;-143;2023/2024
Coby White;CHI;24;79;37;42;2881.4;1509;541;1209;44.7;209;556;37.6;218;260;83.8;44;314;358;405;166;53;18;186;2593;5;0;-35;2023/2024
Kyrie Irving;DAL;32;58;39;19;2029.6;1487;562;1131;49.7;173;421;41.1;190;210;90.5;44;246;290;299;106;74;28;112;2484;5;0;277;2023/2024
Jaren Jackson Jr.;MEM;24;66;22;44;2124.2;1486;516;1161;44.4;117;366;32.0;337;417;80.8;85;280;365;154;160;80;106;235;2553;5;0;-340;2023/2024
Cam Thomas;BKN;22;66;23;43;2074.8;1482;526;1190;44.2;144;396;36.4;286;334;85.6;28;186;214;192;124;45;16;138;2086;0;0;-201;2023/2024
Donovan Mitchell;CLE;27;55;36;19;1942.7;1463;503;1089;46.2;182;494;36.8;275;318;86.5;46;234;280;333;154;101;30;118;2538;6;0;325;2023/2024
Collin Sexton;UTA;25;78;29;49;2074.8;1458;506;1038;48.7;128;325;39.4;318;370;85.9;71;134;205;383;165;62;18;154;2354;4;0;-143;2023/2024
Miles Bridges;CHA;26;69;17;52;2581.1;1449;559;1210;46.2;157;450;34.9;174;211;82.5;71;434;505;231;138;65;33;118;2558;19;0;-633;2023/2024
Franz Wagner;ORL;22;72;44;28;2337.4;1421;528;1096;48.2;94;334;28.1;271;319;85.0;72;309;381;269;137;76;28;168;2457;0;0;204;2023/2024
Cade Cunningham;DET;22;62;9;53;2074.2;1405;524;1167;44.9;119;335;35.5;238;274;86.9;33;235;268;464;212;56;22;153;2445;14;0;-350;2023/2024
Trae Young;ATL;25;54;22;32;1941.7;1389;433;1008;43.0;175;469;37.3;348;407;85.5;23;126;149;583;235;72;11;109;2456;37;0;-116;2023/2024
Tyrese Haliburton;IND;24;69;40;29;2223.5;1389;500;1048;47.7;195;535;36.4;194;227;85.5;35;236;271;752;159;83;48;75;3076;44;1;294;2023/2024
Klay Thompson;GSW;34;77;41;36;2284.2;1375;490;1133;43.2;268;692;38.7;127;137;92.7;35;219;254;176;117;50;35;127;2082;0;0;7;2023/2024
Nikola Vucevic;CHI;33;76;36;40;2609.5;1370;586;1211;48.4;92;313;29.4;106;129;82.2;210;591;801;254;120;50;60;190;2922;45;0;-180;2023/2024
D'Angelo Russell;LAL;28;76;46;30;2484.1;1369;492;1080;45.6;226;545;41.5;159;192;82.8;28;208;236;482;156;69;36;156;2534;10;0;184;2023/2024
Bam Adebayo;MIA;26;71;40;31;2416.5;1367;530;1017;52.1;15;42;35.7;292;387;75.5;159;578;737;278;162;81;66;159;2947;42;2;50;2023/2024
Chet Holmgren;OKC;22;82;57;25;2412.8;1357;505;953;53.0;129;349;37.0;218;275;79.3;129;519;648;200;131;53;190;197;3033;23;0;423;2023/2024
Jordan Poole;WAS;25;78;15;63;2345.6;1356;490;1186;41.3;184;564;32.6;192;219;87.7;32;180;212;343;188;86;25;244;2270;4;0;-552;2023/2024
Michael Porter Jr.;DEN;25;81;57;24;2564.6;1356;522;1079;48.4;220;554;39.7;92;110;83.6;106;459;565;122;92;42;53;148;2410;14;0;472;2023/2024
Jalen Williams;OKC;23;71;51;20;2223.6;1355;536;993;54.0;103;241;42.7;180;221;81.4;37;245;282;322;123;80;45;175;2428;3;0;383;2023/2024
Joel Embiid;PHI;30;39;31;8;1309.4;1353;450;851;52.9;54;139;38.8;399;452;88.3;95;335;430;219;150;46;66;112;2384;30;2;267;2023/2024
Karl-Anthony Towns;MIN;28;62;42;20;2025.6;1349;479;951;50.4;136;327;41.6;255;292;87.3;94;421;515;189;177;43;41;204;2326;22;0;321;2023/2024
Bogdan Bogdanovic;ATL;31;79;35;44;2401.4;1333;471;1100;42.8;240;641;37.4;151;164;92.1;53;219;272;247;112;96;26;179;2284;1;0;127;2023/2024
Brandon Ingram;NOP;26;64;38;26;2102.7;1332;500;1017;49.2;86;242;35.5;246;307;80.1;43;281;324;363;163;50;40;145;2372;3;1;175;2023/2024
Alperen Sengun;HOU;21;63;29;34;2045.6;1331;527;982;53.7;33;111;29.7;244;352;69.3;183;406;589;312;162;76;46;211;2710;29;2;49;2023/2024
Devin Vassell;SAS;23;68;17;51;2247.7;1323;498;1056;47.2;166;446;37.2;161;201;80.1;27;234;261;277;108;73;23;74;2232;0;0;-291;2023/2024
CJ McCollum;NOP;32;66;42;24;2158.5;1322;484;1055;45.9;239;557;42.9;115;139;82.7;39;247;286;305;110;62;41;126;2322;2;0;195;2023/2024
Myles Turner;IND;28;77;45;32;2076.4;1313;476;909;52.4;116;324;35.8;245;317;77.3;113;420;533;100;109;39;144;232;2543;17;0;220;2023/2024
Austin Reaves;LAL;26;82;47;35;2628.9;1300;457;940;48.6;154;420;36.7;232;272;85.3;57;295;352;450;174;66;25;153;2496;9;1;-41;2023/2024
Brandon Miller;CHA;21;74;18;56;2383.0;1279;476;1083;44.0;184;493;37.3;143;173;82.7;60;255;315;175;132;66;42;184;2112;1;0;-510;2023/2024
Lauri Markkanen;UTA;27;55;22;33;1819.7;1278;427;890;48.0;175;439;39.9;249;277;89.9;122;327;449;110;77;50;26;100;2133;19;0;21;2023/2024
Jarrett Allen;CLE;26;77;46;31;2442.1;1271;519;819;63.4;0;6;0.0;233;314;74.2;243;568;811;210;121;53;81;147;2840;42;0;201;2023/2024
Fred VanVleet;HOU;30;73;38;35;2684.4;1270;423;1018;41.6;227;586;38.7;197;229;86.0;33;245;278;589;126;101;59;183;2841;20;0;183;2023/2024
Donte DiVincenzo;NYK;27;81;50;31;2360.4;1259;445;1004;44.3;283;705;40.1;86;114;75.4;63;234;297;216;113;107;36;166;2255;0;0;162;2023/2024
Jamal Murray;DEN;27;59;44;15;1861.4;1250;474;986;48.1;145;341;42.5;157;184;85.3;42;200;242;384;125;57;39;104;2279;11;0;311;2023/2024
Jimmy Butler;MIA;34;60;33;27;2042.1;1246;396;793;49.9;60;145;41.4;394;459;85.8;105;213;318;298;102;79;17;68;2261;5;1;215;2023/2024
Terry Rozier;MIA;30;61;22;39;2040.4;1205;442;998;44.3;149;410;36.3;172;198;86.9;35;212;247;342;106;63;21;101;2160;4;0;-292;2023/2024
Tobias Harris;PHI;31;70;41;29;2367.8;1204;463;951;48.7;91;258;35.3;187;213;87.8;80;373;453;217;93;70;46;115;2328;9;0;224;2023/2024
James Harden;LAC;34;72;46;26;2469.7;1192;352;822;42.8;186;488;38.1;302;344;87.8;34;335;369;614;185;77;57;127;2773;23;3;291;2023/2024
Scottie Barnes;TOR;22;60;22;38;2094.2;1191;447;942;47.5;101;296;34.1;196;251;78.1;141;353;494;363;165;75;88;118;2652;25;4;-144;2023/2024
Jonathan Kuminga;GSW;21;74;40;34;1949.5;1188;456;862;52.9;53;165;32.1;223;299;74.6;92;263;355;163;122;55;36;169;2010;5;0;125;2023/2024
Jaden Ivey;DET;22;77;14;63;2217.5;1185;417;973;42.9;124;369;33.6;227;303;74.9;86;178;264;296;190;57;41;204;2050;2;0;-350;2023/2024
Keegan Murray;SAC;23;77;43;34;2588.6;1172;443;975;45.4;183;511;35.8;103;124;83.1;106;314;420;129;64;79;59;205;2220;8;0;138;2023/2024
RJ Barrett;TOR;24;58;26;32;1838.1;1170;436;880;49.5;90;250;36.0;208;291;71.5;53;262;315;193;126;31;22;129;1871;2;0;-153;2023/2024
Immanuel Quickley;TOR;25;68;28;40;1985.3;1156;388;894;43.4;171;433;39.5;209;245;85.3;17;242;259;331;101;50;10;119;2042;8;0;-34;2023/2024
Kristaps Porzingis;BOS;28;57;43;14;1689.9;1145;388;752;51.6;110;293;37.5;259;302;85.8;97;312;409;115;89;42;111;156;2178;13;0;417;2023/2024
Tim Hardaway Jr.;DAL;32;79;49;30;2120.3;1139;392;976;40.2;211;597;35.3;144;169;85.2;22;232;254;139;69;42;6;106;1727;0;0;13;2023/2024
Jerami Grant;POR;30;54;17;37;1830.2;1132;383;850;45.1;111;276;40.2;255;312;81.7;37;154;191;152;116;45;34;117;1710;1;0;-351;2023/2024
Bobby Portis;MIL;29;82;49;33;2008.2;1130;466;918;50.8;100;246;40.7;98;124;79.0;142;465;607;104;91;68;34;189;2229;17;0;-5;2023/2024
Dennis Schroder;BKN;30;80;30;50;2485.9;1122;403;927;43.5;138;368;37.5;178;213;83.6;39;203;242;488;153;63;17;164;2231;8;0;-126;2023/2024
Malik Monk;SAC;26;72;42;30;1872.3;1110;396;893;44.3;148;423;35.0;170;205;82.9;28;184;212;370;150;45;39;156;2021;2;0;10;2023/2024
Derrick White;BOS;29;73;58;15;2381.0;1107;387;839;46.1;196;495;39.6;137;152;90.1;51;259;310;377;112;74;87;152;2416;5;1;619;2023/2024
Deni Avdija;WAS;23;75;14;61;2256.6;1102;406;803;50.6;88;235;37.4;202;273;74.0;84;456;540;286;160;59;36;185;2304;18;0;-329;2023/2024
Julius Randle;NYK;29;46;29;17;1630.1;1102;395;836;47.2;76;244;31.1;236;302;78.1;99;324;423;229;159;25;12;125;1905;18;1;218;2023/2024
Naz Reid;MIN;24;81;56;25;1963.8;1090;406;851;47.7;169;408;41.4;109;148;73.6;73;350;423;106;111;63;73;172;2054;6;0;248;2023/2024
Keldon Johnson;SAS;24;69;17;52;2038.4;1084;391;862;45.4;127;367;34.6;175;221;79.2;95;282;377;195;100;51;20;149;1942;9;0;-347;2023/2024
Corey Kispert;WAS;25;80;15;65;2067.4;1070;386;794;48.6;184;480;38.3;114;157;72.6;30;195;225;157;98;42;16;141;1652;1;0;-445;2023/2024
Rudy Gobert;MIN;32;76;53;23;2593.1;1061;406;614;66.1;0;3;0.0;249;390;63.8;285;697;982;102;118;52;162;238;2916;54;0;411;2023/2024
Norman Powell;LAC;31;76;48;28;1990.4;1056;373;768;48.6;167;384;43.5;143;172;83.1;16;179;195;82;66;43;22;137;1542;0;0;212;2023/2024
Kelly Oubre Jr.;PHI;28;68;40;28;2055.3;1049;387;878;44.1;101;325;31.1;174;232;75.0;94;247;341;101;87;77;47;194;1895;4;0;-25;2023/2024
Jabari Smith Jr.;HOU;21;76;39;37;2423.8;1044;378;833;45.4;138;380;36.3;150;185;81.1;139;477;616;121;89;52;61;200;2215;16;0;-84;2023/2024
Anfernee Simons;POR;25;46;11;35;1581.7;1039;360;837;43.0;156;405;38.5;163;178;91.6;22;145;167;255;126;23;5;98;1580;3;0;-330;2023/2024
Darius Garland;CLE;24;57;31;26;1900.4;1028;375;841;44.6;132;356;37.1;146;175;83.4;30;122;152;373;176;74;7;95;1837;6;0;112;2023/2024
John Collins;UTA;26;68;27;41;1901.1;1027;397;746;53.2;86;232;37.1;147;185;79.5;157;418;575;77;98;40;61;191;2038;24;0;-307;2023/2024
Grayson Allen;PHX;28;75;45;30;2513.3;1014;340;682;49.9;205;445;46.1;129;147;87.8;48;247;295;227;95;69;45;157;1956;1;0;262;2023/2024
Aaron Gordon;DEN;28;73;49;24;2296.8;1013;398;716;55.6;40;138;29.0;177;269;65.8;174;297;471;259;105;56;45;142;2165;12;0;423;2023/2024
Buddy Hield;PHI;31;84;46;38;2159.9;1013;371;850;43.6;219;568;38.6;52;59;88.1;61;208;269;236;103;70;42;169;1923;1;0;64;2023/2024
Jonas Valanciunas;NOP;32;82;49;33;1924.8;1002;402;719;55.9;37;120;30.8;161;205;78.5;186;535;721;173;111;33;68;218;2319;33;0;158;2023/2024
Harrison Barnes;SAC;32;82;46;36;2380.9;1000;347;732;47.4;149;385;38.7;157;196;80.1;67;182;249;99;58;54;12;98;1587;0;0;-80;2023/2024
Desmond Bane;MEM;26;42;14;28;1442.8;997;360;776;46.4;137;360;38.1;140;161;87.0;36;149;185;230;112;43;22;120;1647;3;0;-201;2023/2024
Brook Lopez;MIL;36;79;48;31;2411.2;990;366;755;48.5;148;404;36.6;110;134;82.1;117;292;409;127;79;43;189;191;2288;5;0;278;2023/2024
Josh Giddey;OKC;21;80;56;24;2011.6;986;402;847;47.5;82;243;33.7;100;124;80.6;111;403;514;386;168;52;44;111;2302;10;3;376;2023/2024
Gary Trent Jr.;TOR;25;71;24;47;1993.6;974;361;847;42.6;178;453;39.3;74;96;77.1;25;163;188;119;47;77;10;96;1592;1;0;-194;2023/2024
Keyonte George;UTA;20;75;27;48;2022.6;974;319;815;39.1;147;440;33.4;189;223;84.8;15;196;211;332;188;36;7;91;1666;1;0;-374;2023/2024
Bradley Beal;PHX;31;53;33;20;1766.7;964;377;735;51.3;101;235;43.0;109;134;81.3;54;178;232;265;131;52;27;127;1746;3;0;107;2023/2024
Caris LeVert;CLE;29;68;38;30;1958.1;952;345;820;42.1;108;332;32.5;154;201;76.6;39;241;280;346;117;76;34;121;2020;6;0;120;2023/2024
Jalen Suggs;ORL;23;75;43;32;2024.6;943;336;714;47.1;153;385;39.7;118;156;75.6;48;181;229;205;132;106;47;205;1852;0;0;45;2023/2024
Jordan Clarkson;UTA;32;55;22;33;1682.3;942;337;816;41.3;91;309;29.4;177;201;88.1;49;139;188;277;146;35;6;81;1560;6;1;-191;2023/2024
Andrew Wiggins;GSW;29;71;38;33;1920.4;939;353;780;45.3;91;254;35.8;142;189;75.1;108;213;321;119;87;42;41;147;1665;3;0;-58;2023/2024
P.J. Washington;DAL;25;73;30;43;2220.7;939;354;811;43.6;132;413;32.0;99;145;68.3;85;326;411;141;96;72;59;169;1941;4;0;-133;2023/2024
Cole Anthony;ORL;24;81;47;34;1817.3;937;332;763;43.5;93;275;33.8;180;218;82.6;64;247;311;236;126;64;37;175;1841;3;0;110;2023/2024
Ayo Dosunmu;CHI;24;76;37;39;2212.5;924;360;719;50.1;119;295;40.3;85;105;81.0;54;162;216;242;103;68;36;166;1755;1;0;-158;2023/2024
Rui Hachimura;LAL;26;68;40;28;1825.5;923;363;676;53.7;98;232;42.2;99;134;73.9;58;236;294;81;46;41;25;101;1549;4;0;123;2023/2024
Deandre Ayton;POR;25;55;14;41;1783.5;920;427;749;57.0;1;10;10.0;65;79;82.3;176;433;609;90;99;56;42;109;1981;32;0;-318;2023/2024
Dillon Brooks;HOU;28;72;36;36;2226.7;915;329;768;42.8;133;370;35.9;124;147;84.4;53;193;246;119;88;64;10;241;1523;1;0;-21;2023/2024
Jalen Johnson;ATL;22;56;27;29;1888.9;896;359;702;51.1;71;200;35.5;107;147;72.8;74;414;488;203;101;67;47;133;2027;19;1;-76;2023/2024
De'Andre Hunter;ATL;26;57;26;31;1681.1;891;304;663;45.9;117;304;38.5;166;196;84.7;31;191;222;87;83;40;16;146;1373;3;0;-49;2023/2024
Jaime Jaquez Jr.;MIA;23;75;44;31;2113.2;889;341;697;48.9;65;202;32.2;142;175;81.1;82;203;285;195;110;77;20;167;1705;1;0;108;2023/2024
Malik Beasley;MIL;27;79;46;33;2337.4;889;320;722;44.3;224;542;41.3;25;35;71.4;41;249;290;108;54;59;9;158;1549;1;0;291;2023/2024
Aaron Nesmith;IND;24;72;41;31;1994.7;877;315;635;49.6;140;334;41.9;107;137;78.1;63;212;275;108;64;65;49;241;1647;1;0;161;2023/2024
Duncan Robinson;MIA;30;68;38;30;1905.4;875;304;675;45.0;187;473;39.5;80;90;88.9;15;158;173;192;95;46;16;163;1462;0;0;38;2023/2024
Tyler Herro;MIA;24;42;23;19;1407.1;875;324;735;44.1;132;333;39.6;95;111;85.6;19;203;222;188;93;30;3;63;1429;2;0;31;2023/2024
Mike Conley;MIN;36;76;53;23;2193.5;869;294;644;45.7;179;405;44.2;102;112;91.1;37;181;218;449;102;88;17;128;2017;5;0;274;2023/2024
Bojan Bogdanovic;NYK;35;57;20;37;1478.0;868;309;681;45.4;133;334;39.8;117;149;78.5;22;130;152;97;101;30;5;95;1200;1;0;-346;2023/2024
Moritz Wagner;ORL;27;80;46;34;1414.7;868;332;552;60.1;38;115;33.0;166;204;81.4;117;230;347;96;97;39;21;160;1511;3;0;93;2023/2024
Scoot Henderson;POR;20;62;18;44;1765.4;868;307;797;38.5;87;268;32.5;167;204;81.9;53;141;194;336;212;48;13;195;1576;8;0;-495;2023/2024
Saddiq Bey;ATL;25;63;28;35;2061.7;863;290;697;41.6;113;358;31.6;170;203;83.7;167;244;411;92;54;51;11;88;1626;8;0;-19;2023/2024
Jeremy Sochan;SAS;21;74;18;56;2193.1;861;340;776;43.8;70;227;30.8;111;144;77.1;137;339;476;249;140;62;40;168;1972;7;0;-344;2023/2024
Jrue Holiday;BOS;34;69;53;16;2263.3;860;331;689;48.0;138;322;42.9;60;72;83.3;84;289;373;333;124;61;53;108;2025;7;0;427;2023/2024
Luguentz Dort;OKC;25;79;54;25;2246.0;860;288;657;43.8;156;396;39.4;128;155;82.6;74;210;284;113;74;71;47;228;1650;0;0;347;2023/2024
Bennedict Mathurin;IND;22;59;33;26;1538.4;856;296;663;44.6;80;214;37.4;184;224;82.1;60;174;234;119;97;35;14;117;1365;3;0;-92;2023/2024
Max Strus;CLE;28;70;43;27;2239.2;853;304;728;41.8;168;479;35.1;77;97;79.4;66;272;338;283;112;64;29;170;1850;5;1;254;2023/2024
Obi Toppin;IND;26;82;47;35;1730.6;843;332;579;57.3;102;253;40.3;77;100;77.0;85;235;320;128;69;47;43;143;1620;1;0;141;2023/2024
Trey Murphy III;NOP;24;57;35;22;1690.3;842;275;621;44.3;169;445;38.0;123;151;81.5;42;238;280;124;34;51;28;70;1567;1;0;265;2023/2024
Jalen Duren;DET;20;61;13;48;1777.5;841;349;564;61.9;0;4;0.0;143;181;79.0;192;517;709;147;129;33;47;192;2023;44;0;-311;2023/2024
Nic Claxton;BKN;25;71;27;44;2115.7;841;366;582;62.9;1;5;20.0;108;196;55.1;193;513;706;147;93;46;146;175;2392;30;0;-278;2023/2024
Herbert Jones;NOP;25;76;46;30;2321.4;837;293;588;49.8;114;273;41.8;137;158;86.7;74;198;272;199;93;105;62;224;1870;0;0;231;2023/2024
Clint Capela;ATL;30;73;33;40;1883.1;836;353;618;57.1;0;1;0.0;130;206;63.1;335;441;776;91;74;43;106;164;2277;38;0;-17;2023/2024
Reggie Jackson;DEN;34;82;57;25;1816.8;833;326;756;43.1;102;284;35.9;79;98;80.6;33;122;155;308;106;44;12;149;1543;2;0;79;2023/2024
Jusuf Nurkic;PHX;29;76;48;28;2078.0;829;320;627;51.0;22;90;24.4;167;261;64.0;224;613;837;301;175;81;80;254;2593;28;0;404;2023/2024
Khris Middleton;MIL;32;55;31;24;1487.3;828;317;643;49.3;94;247;38.1;100;120;83.3;40;217;257;292;127;51;15;141;1645;5;1;125;2023/2024
Daniel Gafford;DAL;25;74;30;44;1814.4;814;348;480;72.5;0;0;0.0;118;175;67.4;195;367;562;115;74;65;153;227;2241;15;0;-102;2023/2024
Spencer Dinwiddie;LAL;31;76;38;38;2152.4;795;251;640;39.2;124;368;33.7;169;210;80.5;30;175;205;356;91;51;22;138;1703;4;0;67;2023/2024
Ivica Zubac;LAC;27;68;42;26;1794.4;794;337;519;64.9;0;0;0.0;120;166;72.3;196;430;626;93;79;22;83;180;1921;23;0;184;2023/2024
Tyus Jones;WAS;28;66;11;55;1932.7;790;326;666;48.9;106;256;41.4;32;40;80.0;20;159;179;485;66;71;18;48;1933;9;1;-497;2023/2024
Payton Pritchard;BOS;26;82;64;18;1825.7;787;297;635;46.8;147;382;38.5;46;56;82.1;70;195;265;281;61;39;6;106;1601;3;0;449;2023/2024
Evan Mobley;CLE;23;50;29;21;1532.3;785;320;553;57.9;22;59;37.3;123;171;71.9;112;356;468;160;90;45;72;134;1848;22;0;33;2023/2024
Grant Williams;CHA;25;76;34;42;2129.6;784;276;605;45.6;126;336;37.5;106;140;75.7;86;232;318;174;109;44;39;226;1567;2;0;-244;2023/2024
Cameron Johnson;BKN;28;58;21;37;1599.0;776;276;619;44.6;138;353;39.1;86;109;78.9;55;196;251;138;57;49;15;105;1419;1;0;-77;2023/2024
Zach Collins;SAS;26;69;19;50;1525.7;776;298;616;48.4;58;181;32.0;122;162;75.3;118;252;370;194;132;34;52;206;1637;3;0;-393;2023/2024
Tre Jones;SAS;24;77;21;56;2138.2;771;303;600;50.5;64;191;33.5;101;118;85.6;58;231;289;478;116;78;9;92;1980;5;1;-22;2023/2024
Georges Niang;CLE;31;82;48;34;1831.1;768;284;632;44.9;149;396;37.6;51;60;85.0;22;256;278;98;72;30;18;192;1321;0;0;31;2023/2024
Kentavious Caldwell-Pope;DEN;31;76;54;22;2401.8;766;270;587;46.0;125;308;40.6;101;113;89.4;31;152;183;183;75;98;42;151;1605;0;0;572;2023/2024
Kelly Olynyk;TOR;33;78;31;47;1758.7;762;276;497;55.5;60;155;38.7;150;180;83.3;108;303;411;347;152;74;30;230;1936;6;0;-262;2023/2024
Josh Hart;NYK;29;81;49;32;2706.8;761;295;679;43.4;80;258;31.0;91;115;79.1;128;547;675;331;118;75;23;171;2244;21;6;346;2023/2024
Jaden McDaniels;MIN;23;72;48;24;2105.5;757;307;628;48.9;86;255;33.7;57;79;72.2;56;168;224;101;87;63;42;219;1405;0;0;156;2023/2024
Russell Westbrook;LAC;35;68;45;23;1528.8;754;301;663;45.4;42;154;27.3;110;160;68.8;93;250;343;306;144;74;23;121;1772;8;1;104;2023/2024
Eric Gordon;PHX;35;68;41;27;1892.6;749;274;618;44.3;150;397;37.8;51;64;79.7;16;106;122;139;73;66;30;79;1319;0;0;131;2023/2024
OG Anunoby;NYK;26;50;31;19;1702.0;733;282;577;48.9;102;267;38.2;67;89;75.3;47;161;208;107;81;68;36;119;1374;0;0;390;2023/2024
T.J. McConnell;IND;32;71;40;31;1291.0;727;330;593;55.6;18;44;40.9;49;62;79.0;36;155;191;390;108;72;8;79;1673;4;0;95;2023/2024
Bruce Brown;TOR;27;67;26;41;1865.4;726;278;582;47.8;53;164;32.3;117;142;82.4;53;231;284;192;86;59;17;148;1497;2;0;-231;2023/2024
Alex Caruso;CHI;30;71;34;37;2040.3;715;253;541;46.8;136;333;40.8;73;96;76.0;62;211;273;247;102;120;70;181;1881;1;0;4;2023/2024
Sam Hauser;BOS;26;79;62;17;1740.6;712;249;558;44.6;197;465;42.4;17;19;89.5;45;231;276;82;32;40;25;99;1329;0;0;492;2023/2024
GG Jackson;MEM;19;48;14;34;1233.2;699;241;563;42.8;102;286;35.7;115;153;75.2;53;143;196;59;65;28;24;64;1114;2;0;-194;2023/2024
Taurean Prince;LAL;30;78;44;34;2107.6;697;253;572;44.2;141;356;39.6;50;68;73.5;21;209;230;119;73;58;35;146;1358;0;0;-118;2023/2024
Simone Fontecchio;DET;28;66;29;37;1643.9;692;252;548;46.0;134;334;40.1;54;66;81.8;64;182;246;101;68;44;23;110;1272;0;0;-27;2023/2024
Malaki Branham;SAS;21;75;18;57;1594.3;690;271;628;43.2;93;268;34.7;55;63;87.3;28;120;148;156;91;27;8;94;1116;0;0;-373;2023/2024
Alec Burks;NYK;32;66;18;48;1211.5;689;210;569;36.9;124;330;37.6;145;167;86.8;24;126;150;88;48;28;12;75;1073;0;0;-256;2023/2024
Brandin Podziemski;GSW;21;74;41;33;1968.3;682;271;597;45.4;90;234;38.5;50;79;63.3;118;309;427;273;88;61;14;122;1741;7;0;264;2023/2024
Andre Drummond;CHI;30;79;37;42;1351.3;663;267;480;55.6;0;3;0.0;129;218;59.2;265;443;708;37;81;73;48;140;1850;18;0;26;2023/2024
Terance Mann;LAC;27;75;47;28;1872.9;658;254;493;51.5;71;204;34.8;79;95;83.2;87;167;254;119;48;43;15;145;1267;2;0;52;2023/2024
Derrick Jones Jr.;DAL;27;76;47;29;1782.9;657;239;495;48.3;82;239;34.3;97;136;71.3;82;168;250;75;65;53;51;121;1317;2;0;55;2023/2024
Kevin Huerter;SAC;25;64;37;27;1562.2;655;248;560;44.3;123;341;36.1;36;47;76.6;38;186;224;166;53;45;23;135;1324;2;0;75;2023/2024
Nickeil Alexander-Walker;MIN;25;82;56;26;1920.9;655;236;538;43.9;131;335;39.1;52;65;80.0;35;132;167;204;76;64;42;143;1403;0;0;312;2023/2024
Santi Aldama;MEM;23;61;23;38;1618.1;654;247;568;43.5;106;304;34.9;54;87;62.1;72;280;352;138;69;43;54;89;1505;5;0;-275;2023/2024
Nick Richards;CHA;26;67;14;53;1758.7;652;260;376;69.1;0;1;0.0;132;179;73.7;172;367;539;54;73;26;74;176;1607;19;0;-429;2023/2024
Isaac Okoro;CLE;23;69;41;28;1887.1;647;235;480;49.0;84;215;39.1;93;137;67.9;67;140;207;132;54;57;34;140;1312;0;0;40;2023/2024
Caleb Martin;MIA;28;64;36;28;1756.6;640;241;559;43.1;81;232;34.9;77;99;77.8;74;207;281;143;77;47;29;126;1343;2;0;66;2023/2024
Jabari Walker;POR;21;72;18;54;1700.6;638;234;509;46.0;41;139;29.5;129;171;75.4;151;357;508;71;66;42;22;173;1480;11;0;-338;2023/2024
Isaiah Joe;OKC;24;78;54;24;1444.9;636;222;485;45.8;147;353;41.6;45;52;86.5;32;148;180;99;47;46;22;87;1158;0;0;352;2023/2024
Andrew Nembhard;IND;24;68;41;27;1696.7;626;260;522;49.8;61;171;35.7;45;56;80.4;36;105;141;280;101;63;6;143;1321;1;0;65;2023/2024
Duop Reath;POR;28;68;17;51;1214.1;617;230;499;46.1;88;245;35.9;69;93;74.2;93;157;250;67;52;33;38;161;1179;1;0;-188;2023/2024
Malcolm Brogdon;POR;31;39;15;24;1120.8;613;218;496;44.0;82;199;41.2;95;116;81.9;28;120;148;214;60;27;8;58;1157;4;0;-81;2023/2024
Royce O'Neale;PHX;31;79;38;41;1954.2;608;214;539;39.7;156;422;37.0;24;35;68.6;60;317;377;219;73;59;44;174;1625;4;0;117;2023/2024
Wendell Carter Jr.;ORL;25;55;30;25;1406.3;603;223;425;52.5;64;171;37.4;93;134;69.4;112;269;381;95;68;35;28;121;1324;9;0;51;2023/2024
Jalen Smith;IND;24;61;36;25;1046.6;601;234;395;59.2;61;144;42.4;72;104;69.2;112;225;337;63;44;17;38;124;1221;5;0;-13;2023/2024
Christian Braun;DEN;23;82;57;25;1655.6;600;222;483;46.0;63;164;38.4;93;134;69.4;79;227;306;132;55;42;35;137;1341;2;0;-13;2023/2024
Paul Reed;PHI;25;82;47;35;1589.5;600;259;480;54.0;21;57;36.8;61;85;71.8;193;295;488;109;67;67;84;198;1735;8;0;96;2023/2024
Amen Thompson;HOU;21;62;30;32;1388.5;592;239;446;53.6;8;58;13.8;106;155;68.4;148;261;409;163;90;78;38;141;1585;13;1;45;2023/2024
Marcus Sasser;DET;23;71;11;60;1351.1;586;219;512;42.8;90;240;37.5;58;66;87.9;11;114;125;236;90;44;12;103;1168;1;0;-250;2023/2024
Marvin Bagley III;WAS;25;50;7;43;1053.4;583;239;408;58.6;9;23;39.1;96;126;76.2;130;182;312;55;59;20;33;81;1140;10;0;-137;2023/2024
Isaiah Hartenstein;NYK;26;75;47;28;1896.3;582;235;365;64.4;1;3;33.3;111;157;70.7;244;382;626;188;93;87;85;210;2038;10;0;406;2023/2024
Dorian Finney-Smith;BKN;31;68;28;40;1934.6;580;215;511;42.1;117;336;34.8;33;46;71.7;109;208;317;107;59;56;38;150;1344;0;0;-107;2023/2024
Cam Whitmore;HOU;19;47;19;28;880.3;579;212;467;45.4;79;220;35.9;76;112;67.9;44;136;180;33;46;30;17;64;940;1;0;-28;2023/2024
Cameron Payne;PHI;29;78;46;32;1304.1;578;208;481;43.2;104;267;39.0;58;67;86.6;21;96;117;205;66;42;11;126;1119;1;0;-11;2023/2024
Lonnie Walker IV;BKN;25;58;23;35;1011.1;565;208;492;42.3;104;271;38.4;45;59;76.3;13;114;127;74;51;32;20;71;933;0;0;5;2023/2024
Precious Achiuwa;NYK;24;74;40;34;1623.8;565;235;469;50.1;26;97;26.8;69;112;61.6;191;296;487;97;83;46;68;143;1554;9;0;-47;2023/2024
Al Horford;BOS;38;65;51;14;1739.8;562;214;419;51.1;108;258;41.9;26;30;86.7;82;331;413;168;48;38;62;93;1562;3;0;421;2023/2024
Miles McBride;NYK;23;68;42;26;1327.7;562;205;454;45.2;109;266;41.0;43;50;86.0;31;69;100;114;30;50;7;108;994;0;0;-16;2023/2024
Cason Wallace;OKC;20;82;57;25;1691.9;561;217;442;49.1;98;234;41.9;29;37;78.4;52;135;187;120;45;76;37;129;1259;0;0;127;2023/2024
Onyeka Okongwu;ATL;23;55;23;32;1404.7;561;223;365;61.1;23;69;33.3;92;116;79.3;145;231;376;74;45;26;60;162;1336;8;0;-34;2023/2024
Dalano Banton;POR;24;54;24;30;1046.8;557;202;500;40.4;59;199;29.6;94;120;78.3;41;137;178;127;77;33;20;64;1043;2;0;-222;2023/2024
Ausar Thompson;DET;21;63;10;53;1582.8;556;232;480;48.3;21;113;18.6;71;119;59.7;129;273;402;120;84;68;59;175;1515;2;0;-231;2023/2024
Jakob Poeltl;TOR;28;50;21;29;1319.1;555;248;378;65.6;0;0;0.0;59;107;55.1;146;283;429;127;77;35;76;149;1516;20;0;-17;2023/2024
Aaron Wiggins;OKC;25;78;55;23;1227.9;542;212;377;56.2;62;126;49.2;56;71;78.9;60;126;186;86;56;56;19;91;1063;0;0;94;2023/2024
Trayce Jackson-Davis;GSW;24;68;39;29;1130.5;540;233;332;70.2;0;1;0.0;74;132;56.1;135;206;341;82;49;29;76;108;1338;6;0;32;2023/2024
Chris Paul;GSW;39;58;33;25;1530.9;533;206;467;44.1;78;210;37.1;43;52;82.7;18;207;225;393;76;70;6;108;1545;5;0;110;2023/2024
Moses Moody;GSW;22;66;38;28;1155.9;533;194;420;46.2;72;200;36.0;73;93;78.5;65;131;196;57;44;42;24;90;1008;0;0;99;2023/2024
Bilal Coulibaly;WAS;19;63;11;52;1715.3;532;188;432;43.5;64;185;34.6;92;131;70.2;56;200;256;110;87;57;48;137;1232;1;0;-419;2023/2024
Peyton Watson;DEN;21;80;56;24;1487.8;532;208;447;46.5;45;152;29.6;71;106;67.0;56;202;258;86;58;42;88;143;1303;0;0;-69;2023/2024
Jaden Hardy;DAL;21;73;44;29;989.2;530;195;479;40.7;81;224;36.2;59;76;77.6;20;111;131;109;62;22;4;80;867;0;0;-126;2023/2024
Toumani Camara;POR;24;70;19;51;1739.3;527;197;438;45.0;58;172;33.7;75;99;75.8;139;204;343;87;84;66;33;174;1282;2;0;-189;2023/2024
LaMelo Ball;CHA;22;22;7;15;711.4;526;183;423;43.3;70;197;35.5;90;104;86.5;29;84;113;176;83;40;4;79;975;7;1;-139;2023/2024
Jordan Hawkins;NOP;22;67;38;29;1160.6;524;174;456;38.2;109;298;36.6;67;80;83.8;29;119;148;70;40;19;7;72;845;0;0;12;2023/2024
Vince Williams Jr.;MEM;23;52;18;34;1436.5;521;169;379;44.6;79;209;37.8;104;130;80.0;59;231;290;175;92;47;34;135;1283;3;0;-91;2023/2024
Walker Kessler;UTA;22;64;26;38;1493.1;518;229;350;65.4;4;19;21.1;56;93;60.2;165;316;481;60;66;30;154;132;1671;7;0;-149;2023/2024
Talen Horton-Tucker;UTA;23;51;14;37;1008.7;516;184;465;39.6;60;182;33.0;88;109;80.7;21;100;121;177;65;45;19;94;1054;1;0;-107;2023/2024
Dario Saric;GSW;30;64;35;29;1097.8;515;181;388;46.6;74;197;37.6;79;93;84.9;73;210;283;144;78;31;10;112;1116;2;0;-21;2023/2024
Aaron Holiday;HOU;27;78;39;39;1269.3;514;186;417;44.6;84;217;38.7;58;63;92.1;23;100;123;140;53;42;6;125;963;0;0;85;2023/2024
Gradey Dick;TOR;20;60;18;42;1267.7;510;189;445;42.5;88;241;36.5;44;51;86.3;27;105;132;68;50;34;2;87;828;0;0;-378;2023/2024
Shaedon Sharpe;POR;21;32;8;24;1059.0;510;176;434;40.6;60;180;33.3;98;119;82.4;42;118;160;94;72;28;12;88;891;1;0;-246;2023/2024
Jeff Green;HOU;37;78;39;39;1307.3;509;167;366;45.6;53;160;33.1;122;149;81.9;46;132;178;70;46;16;31;100;923;0;0;-77;2023/2024
Kyle Anderson;MIN;30;79;55;24;1781.9;506;199;433;46.0;11;48;22.9;97;137;70.8;60;213;273;331;91;71;47;128;1593;0;0;167;2023/2024
Julian Champagnie;SAS;22;74;19;55;1467.9;504;164;402;40.8;101;277;36.5;75;92;81.5;42;164;206;103;57;48;42;77;1119;0;0;-141;2023/2024
Isaiah Stewart;DET;23;46;9;37;1422.8;503;186;382;48.7;67;175;38.3;64;85;75.3;74;231;305;73;66;17;38;99;1078;5;0;-133;2023/2024
Gordon Hayward;OKC;34;51;25;26;1245.3;500;187;403;46.4;37;90;41.1;89;120;74.2;38;143;181;158;66;40;13;67;1047;0;0;-134;2023/2024
Cedi Osman;SAS;29;72;17;55;1268.8;489;184;384;47.9;86;221;38.9;35;52;67.3;25;155;180;119;47;36;11;107;978;0;0;-353;2023/2024
Kyle Lowry;PHI;38;60;32;28;1689.8;487;163;377;43.2;98;250;39.2;63;75;84.0;34;160;194;253;85;59;21;146;1254;3;0;2;2023/2024
Zach LaVine;CHI;29;25;10;15;871.9;487;170;376;45.2;59;169;34.9;88;103;85.4;8;121;129;98;52;21;8;57;824;1;0;-92;2023/2024
Kevin Love;MIA;35;55;31;24;924.3;485;158;359;44.0;84;244;34.4;85;108;78.7;59;279;338;115;48;18;10;97;1099;6;0;109;2023/2024
Sam Merrill;CLE;28;61;36;25;1068.9;485;158;393;40.2;143;354;40.4;26;28;92.9;22;98;120;108;19;19;4;72;841;0;0;28;2023/2024
Dereck Lively II;DAL;20;55;35;20;1294.3;483;221;296;74.7;0;2;0.0;41;81;50.6;135;243;378;60;50;36;77;144;1316;8;0;144;2023/2024
Draymond Green;GSW;34;55;33;22;1490.2;475;185;372;49.7;51;129;39.5;54;74;73.0;76;322;398;332;135;55;47;166;1622;10;1;171;2023/2024
Josh Green;DAL;23;57;32;25;1504.7;469;179;374;47.9;72;187;38.5;39;57;68.4;40;144;184;130;60;47;9;107;993;0;0;-100;2023/2024
Naji Marshall;NOP;26;66;41;25;1257.1;466;170;367;46.3;58;150;38.7;68;86;79.1;53;187;240;128;65;49;12;91;1064;0;0;205;2023/2024
Amir Coffey;LAC;27;70;46;24;1460.6;463;166;352;47.2;70;184;38.0;61;71;85.9;29;119;148;76;33;41;14;102;887;1;0;-92;2023/2024
Ochai Agbaji;TOR;24;78;31;47;1641.6;455;178;433;41.1;62;211;29.4;37;56;66.1;74;142;216;83;64;47;44;117;1048;0;0;-250;2023/2024
Patrick Beverley;MIL;35;73;43;30;1462.5;451;158;379;41.7;61;181;33.7;74;90;82.2;49;190;239;212;65;43;31;128;1213;2;0;-61;2023/2024
James Wiseman;DET;23;63;9;54;1091.0;446;187;305;61.3;0;2;0.0;72;102;70.6;110;226;336;54;66;12;39;141;1017;7;0;-325;2023/2024
Trendon Watford;BKN;23;63;25;38;856.5;432;164;311;52.7;27;68;39.7;77;97;79.4;52;142;194;81;63;23;19;106;849;1;0;-73;2023/2024
Luke Kennard;MEM;28;39;15;24;999.0;429;141;315;44.8;107;238;45.0;40;45;88.9;11;102;113;136;54;20;2;39;781;0;0;-187;2023/2024
Patrick Williams;CHI;22;43;19;24;1174.1;429;159;359;44.3;59;148;39.9;52;66;78.8;46;120;166;66;57;40;33;87;889;0;0;-14;2023/2024
Dante Exum;DAL;28;55;36;19;1087.6;428;161;302;53.3;53;108;49.1;53;68;77.9;25;124;149;157;49;22;5;85;874;0;0;239;2023/2024
Pat Connaughton;MIL;31;76;45;31;1676.3;428;151;347;43.5;82;238;34.5;44;58;75.9;51;188;239;161;49;40;19;99;1084;0;0;-14;2023/2024
David Roddy;PHX;23;65;25;40;1177.0;425;165;409;40.3;48;164;29.3;47;68;69.1;53;158;211;80;57;27;11;72;855;0;0;-225;2023/2024
Josh Richardson;MIA;30;43;24;19;1102.8;425;154;347;44.4;66;190;34.7;51;54;94.4;18;103;121;105;36;24;14;76;806;0;0;-107;2023/2024
Vasilije Micic;CHA;30;60;34;26;1175.7;422;159;370;43.0;43;154;27.9;61;75;81.3;14;74;88;262;99;31;7;68;936;4;0;-74;2023/2024
De'Anthony Melton;PHI;26;38;25;13;1023.3;421;139;360;38.6;77;214;36.0;66;79;83.5;28;113;141;114;39;60;16;84;950;0;0;218;2023/2024
Ziaire Williams;MEM;22;51;20;31;1037.7;420;150;378;39.7;58;189;30.7;62;75;82.7;35;145;180;75;66;36;9;85;818;1;0;-247;2023/2024
Trey Lyles;SAC;28;58;33;25;1158.2;419;143;321;44.5;84;219;38.4;49;70;70.0;61;196;257;72;38;17;19;86;905;1;0;179;2023/2024
Day'Ron Sharpe;BKN;22;61;25;36;920.6;415;168;294;57.1;4;15;26.7;75;123;61.0;161;228;389;85;70;24;44;131;1143;6;0;64;2023/2024
Haywood Highsmith;MIA;27;66;39;27;1365.8;405;153;329;46.5;76;192;39.6;23;36;63.9;65;145;210;70;34;53;30;117;977;0;0;7;2023/2024
Jose Alvarado;NOP;26;56;38;18;1028.4;397;142;345;41.2;78;207;37.7;35;52;67.3;25;103;128;117;40;59;15;89;908;0;0;240;2023/2024
Jonathan Isaac;ORL;26;58;35;23;914.6;393;146;286;51.0;42;112;37.5;59;82;72.0;73;187;260;30;27;43;70;64;1062;0;0;182;2023/2024
Isaiah Jackson;IND;22;60;37;23;770.9;383;155;233;66.5;0;4;0.0;73;102;71.6;94;144;238;50;39;34;61;137;990;4;0;29;2023/2024
Tre Mann;CHA;23;41;21;20;987.1;382;145;316;45.9;47;126;37.3;45;59;76.3;20;129;149;165;65;51;3;48;905;0;0;-127;2023/2024
Malachi Flynn;DET;26;69;28;41;876.9;380;136;325;41.8;56;169;33.1;52;71;73.2;21;93;114;130;63;38;8;66;787;0;0;-179;2023/2024
Davion Mitchell;SAC;25;72;41;31;1101.1;379;146;323;45.2;57;158;36.1;30;42;71.4;19;76;95;134;43;17;3;85;711;0;0;-45;2023/2024
Drew Eubanks;PHX;27;75;42;33;1168.7;379;152;253;60.1;3;3;100;72;93;77.4;103;219;322;63;61;27;61;115;1063;0;0;-106;2023/2024
Jake LaRavia;MEM;22;35;8;27;805.5;379;118;303;38.9;53;156;34.0;90;109;82.6;51;77;128;58;45;29;12;69;698;2;0;-114;2023/2024
Daniel Theis;LAC;32;60;38;22;1014.8;376;156;293;53.2;26;71;36.6;38;50;76.0;85;159;244;61;42;21;51;127;934;1;0;62;2023/2024
Kris Murray;POR;23;62;12;50;1348.3;376;145;366;39.6;49;183;26.8;37;56;66.1;85;139;224;80;55;53;21;92;932;1;0;-164;2023/2024
Gary Harris;ORL;29;54;35;19;1297.3;372;131;297;44.1;76;205;37.1;34;45;75.6;24;67;91;87;31;49;14;91;770;0;0;91;2023/2024
Dennis Smith Jr.;BKN;26;56;19;37;1058.7;369;147;338;43.5;32;109;29.4;43;58;74.1;50;114;164;203;68;68;12;121;1042;3;0;-36;2023/2024
Jordan Goodwin;MEM;25;57;30;27;1055.8;368;141;382;36.9;42;141;29.8;44;59;74.6;88;165;253;155;56;48;18;76;1046;4;0;-93;2023/2024
Jordan Nwora;TOR;25;52;14;38;711.4;364;138;299;46.2;44;131;33.6;44;53;83.0;28;121;149;62;53;26;13;48;700;2;0;-199;2023/2024
Quentin Grimes;DET;24;51;32;19;1024.9;359;122;328;37.2;81;240;33.8;34;45;75.6;15;85;100;66;28;35;7;75;676;0;0;-39;2023/2024
Jevon Carter;CHI;28;72;35;37;1003.6;357;138;365;37.8;77;234;32.9;4;7;57.1;11;49;60;94;36;37;16;71;693;1;0;27;2023/2024
Kris Dunn;UTA;30;66;25;41;1249.2;357;147;313;47.0;41;111;36.9;22;32;68.8;50;139;189;254;79;68;28;135;1174;1;0;14;2023/2024
Dyson Daniels;NOP;21;61;34;27;1358.5;354;139;311;44.7;42;135;31.1;34;53;64.2;62;174;236;164;59;85;25;101;1154;1;0;71;2023/2024
Matisse Thybulle;POR;27;65;18;47;1487.4;354;126;317;39.7;80;231;34.6;22;29;75.9;30;106;136;90;40;113;49;93;1098;0;0;-232;2023/2024
Nikola Jovic;MIA;21;46;24;22;896.2;352;127;281;45.2;65;163;39.9;33;47;70.2;25;167;192;90;42;25;14;82;792;0;0;149;2023/2024
Doug McDermott;IND;32;64;22;42;904.5;351;123;284;43.3;94;229;41.0;11;19;57.9;10;49;59;70;28;16;2;64;553;0;0;-143;2023/2024
Larry Nance Jr.;NOP;31;61;34;27;1216.1;350;138;241;57.3;27;65;41.5;47;61;77.0;94;213;307;113;49;61;19;98;1079;2;0;71;2023/2024
Christian Wood;LAL;28;50;28;22;871.9;347;123;264;46.6;35;114;30.7;66;94;70.2;39;215;254;49;50;16;33;72;822;2;0;3;2023/2024
Markelle Fultz;ORL;26;43;25;18;909.9;335;154;326;47.2;4;18;22.2;23;33;69.7;56;82;138;120;50;42;15;65;802;0;0;13;2023/2024
Kevon Looney;GSW;28;74;43;31;1194.4;334;139;233;59.7;0;1;0.0;56;83;67.5;143;276;419;133;50;28;29;155;1157;1;0;38;2023/2024
Luke Kornet;BOS;28;63;48;15;983.3;334;142;203;70.0;1;1;100;49;54;90.7;118;143;261;67;21;23;61;77;979;1;0;218;2023/2024
Chimezie Metu;DET;27;51;24;27;858.9;332;123;244;50.4;28;94;29.8;58;64;90.6;41;153;194;46;52;43;16;71;759;1;0;-109;2023/2024
Landry Shamet;WAS;27;46;6;40;726.5;327;118;274;43.1;53;157;33.8;38;46;82.6;16;46;62;54;30;25;10;76;557;0;0;-149;2023/2024
Garrison Mathews;ATL;27;66;29;37;992.1;325;103;226;45.6;85;193;44.0;34;42;81.0;17;75;92;37;19;20;8;115;556;0;0;-97;2023/2024
Kenrich Williams;OKC;29;69;49;20;1029.0;325;131;280;46.8;56;141;39.7;7;14;50.0;61;148;209;93;32;38;9;101;824;0;0;152;2023/2024
Chris Boucher;TOR;31;50;16;34;704.9;322;110;217;50.7;31;94;33.0;71;92;77.2;62;145;207;23;28;14;24;68;691;0;0;28;2023/2024
Nicolas Batum;PHI;35;60;36;24;1529.6;320;116;256;45.3;73;185;39.5;15;21;71.4;70;178;248;128;40;48;38;109;1028;0;0;177;2023/2024
Anthony Black;ORL;20;69;39;30;1164.2;316;115;247;46.6;37;94;39.4;49;80;61.3;33;106;139;91;56;35;21;110;731;0;0;-33;2023/2024
Marcus Morris Sr.;CLE;34;49;26;23;817.0;316;116;264;43.9;48;119;40.3;36;44;81.8;23;111;134;36;30;15;13;74;585;0;0;-60;2023/2024
Jae Crowder;MIL;33;50;25;25;1155.7;312;114;270;42.2;58;166;34.9;26;36;72.2;31;130;161;66;23;38;9;74;722;0;0;-69;2023/2024
Goga Bitadze;ORL;24;62;34;28;957.1;311;126;209;60.3;2;14;14.3;57;87;65.5;109;177;286;79;44;32;72;107;1041;5;0;26;2023/2024
Keon Ellis;SAC;24;57;33;24;978.5;310;107;232;46.1;70;168;41.7;26;35;74.3;32;92;124;85;37;51;29;112;789;0;0;93;2023/2024
Jaxson Hayes;LAL;24;70;41;29;877.1;303;126;175;72.0;0;8;0.0;51;82;62.2;69;142;211;33;43;34;29;123;752;2;0;-107;2023/2024
Torrey Craig;CHI;33;53;22;31;1048.6;303;108;251;43.0;60;153;39.2;27;36;75.0;69;148;217;58;32;30;21;110;771;1;0;-181;2023/2024
Bryce McGowens;CHA;21;59;11;48;881.6;302;101;230;43.9;34;102;33.3;66;85;77.6;17;85;102;51;30;21;10;74;564;0;0;-229;2023/2024
Nick Smith Jr.;CHA;20;51;9;42;728.7;302;113;289;39.1;63;146;43.2;13;15;86.7;18;54;72;59;39;10;7;55;489;0;0;-194;2023/2024
Joe Ingles;ORL;36;68;42;26;1169.0;296;99;227;43.6;70;161;43.5;28;34;82.4;18;124;142;203;67;43;5;88;848;0;0;165;2023/2024
Taylor Hendricks;UTA;20;40;13;27;856.4;292;108;240;45.0;53;140;37.9;23;29;79.3;46;139;185;32;27;28;30;77;709;1;0;-150;2023/2024
Dean Wade;CLE;27;54;36;18;1108.1;291;96;232;41.4;79;202;39.1;20;26;76.9;37;181;218;43;20;40;25;93;792;0;0;177;2023/2024
Davis Bertans;CHA;31;43;20;23;674.1;290;92;234;39.3;76;200;38.0;30;33;90.9;9;52;61;35;18;26;12;56;512;0;0;-74;2023/2024
Killian Hayes;DET;22;42;7;35;1007.7;289;117;283;41.3;22;74;29.7;33;50;66.0;11;108;119;205;51;36;20;75;856;0;0;-244;2023/2024
Marcus Smart;MEM;30;20;7;13;604.8;289;102;237;43.0;42;134;31.3;43;56;76.8;6;47;53;86;62;41;5;53;558;0;0;-20;2023/2024
Craig Porter Jr.;CLE;24;51;30;21;649.4;285;116;228;50.9;12;34;35.3;41;56;73.2;21;88;109;118;45;21;15;40;656;0;0;-25;2023/2024
Max Christie;LAL;21;67;38;29;944.3;284;103;241;42.7;42;118;35.6;36;46;78.3;15;127;142;60;35;20;17;57;620;0;0;-17;2023/2024
Xavier Tillman;BOS;25;54;30;24;974.6;284;121;279;43.4;20;81;24.7;22;50;44.0;70;141;211;77;34;51;44;75;904;2;0;-60;2023/2024
Bruno Fernando;ATL;25;45;20;25;682.3;282;109;187;58.3;0;4;0.0;64;96;66.7;59;134;193;46;44;25;28;107;698;0;0;-96;2023/2024
Danilo Gallinari;MIL;35;49;15;34;629.3;280;83;190;43.7;30;93;32.3;84;98;85.7;20;88;108;55;23;14;6;50;529;0;0;-99;2023/2024
Josh Okogie;PHX;25;60;37;23;959.7;277;86;206;41.7;29;94;30.9;76;102;74.5;74;80;154;64;36;48;24;68;738;0;0;6;2023/2024
Jaylin Williams;OKC;21;69;48;21;896.9;276;95;228;41.7;53;144;36.8;33;41;80.5;36;198;234;110;34;28;27;98;853;0;0;124;2023/2024
Jock Landale;HOU;28;56;28;28;763.5;274;106;206;51.5;10;40;25.0;52;65;80.0;88;84;172;65;31;20;33;74;706;1;0;161;2023/2024
Lamar Stevens;MEM;26;38;22;16;559.0;272;108;240;45.0;14;46;30.4;42;54;77.8;36;91;127;28;24;23;22;45;577;0;0;9;2023/2024
Scotty Pippen Jr.;MEM;23;21;5;16;526.8;271;100;203;49.3;30;72;41.7;41;55;74.5;22;45;67;98;56;36;10;60;580;0;0;-72;2023/2024
Blake Wesley;SAS;21;61;19;42;875.9;268;102;215;47.4;12;55;21.8;52;78;66.7;18;76;94;166;55;29;9;89;689;0;0;-144;2023/2024
Jae'Sean Tate;HOU;28;65;32;33;1031.5;265;108;229;47.2;23;77;29.9;26;39;66.7;61;136;197;64;37;42;15;137;731;0;0;78;2023/2024
Cam Reddish;LAL;24;48;27;21;984.1;260;91;234;38.9;37;110;33.6;41;54;75.9;27;72;99;48;31;47;14;64;603;0;0;-50;2023/2024
Bones Hyland;LAC;23;37;20;17;540.2;256;97;251;38.6;44;135;32.6;18;23;78.3;5;50;55;93;44;26;4;51;508;1;0;-65;2023/2024
Caleb Houstan;ORL;21;59;31;28;815.3;253;80;206;38.8;72;193;37.3;21;26;80.8;28;56;84;29;16;15;4;61;438;0;0;-30;2023/2024
Mo Bamba;PHI;26;57;30;27;740.4;253;97;198;49.0;25;64;39.1;34;50;68.0;77;161;238;41;39;22;60;101;807;1;0;-47;2023/2024
AJ Green;MIL;24;56;35;21;614.3;252;83;196;42.3;69;169;40.8;17;19;89.5;9;55;64;30;12;9;4;49;401;0;0;50;2023/2024
Ben Sheppard;IND;22;57;32;25;814.3;252;90;229;39.3;49;156;31.4;23;26;88.5;15;74;89;53;15;33;2;88;528;0;0;69;2023/2024
Jared Butler;WAS;23;40;6;34;565.7;251;98;201;48.8;24;78;30.8;31;36;86.1;9;49;58;126;50;29;8;58;571;1;0;-48;2023/2024
Troy Brown Jr.;DET;24;59;30;29;826.5;247;84;226;37.2;47;141;33.3;32;37;86.5;25;119;144;60;30;24;3;42;561;0;0;-127;2023/2024
Mason Plumlee;LAC;34;46;29;17;673.9;244;87;153;56.9;0;6;0.0;70;99;70.7;60;174;234;55;36;14;17;68;664;2;0;11;2023/2024
Mark Williams;CHA;22;19;7;12;508.4;242;98;151;64.9;0;0;0.0;46;64;71.9;76;108;184;22;17;16;20;50;587;8;0;-21;2023/2024
Brice Sensabaugh;UTA;20;32;8;24;584.4;241;85;218;39.0;34;115;29.6;37;41;90.2;16;86;102;55;47;13;6;43;456;1;0;-173;2023/2024
Gary Payton II;GSW;31;44;27;17;679.9;240;103;183;56.3;20;55;36.4;14;23;60.9;46;67;113;48;27;39;18;77;592;0;0;83;2023/2024
John Konchar;MEM;28;55;18;37;1173.6;235;88;208;42.3;38;120;31.7;21;25;84.0;72;185;257;110;46;51;51;76;968;1;0;-151;2023/2024
Justin Holiday;DEN;35;58;38;20;862.0;234;88;194;45.4;55;136;40.4;3;4;75.0;9;62;71;67;14;36;9;69;541;0;0;55;2023/2024
Chris Duarte;SAC;27;59;35;24;719.5;230;80;210;38.1;44;127;34.6;26;33;78.8;26;80;106;44;26;28;8;80;505;0;0;-67;2023/2024
Julian Strawther;DEN;22;50;34;16;545.4;227;82;222;36.9;41;138;29.7;22;31;71.0;5;56;61;47;23;17;7;54;420;0;0;-103;2023/2024
Ja Morant;MEM;24;9;6;3;317.9;226;80;170;47.1;14;51;27.5;52;64;81.3;6;44;50;73;27;7;5;19;405;3;0;11;2023/2024
Seth Curry;CHA;33;44;25;19;615.4;226;80;204;39.2;38;108;35.2;28;31;90.3;18;50;68;44;21;22;6;39;437;0;0;60;2023/2024
Sasha Vezenkov;SAC;28;42;22;20;511.1;225;84;191;44.0;45;120;37.5;12;15;80.0;30;66;96;19;12;20;7;42;438;0;0;2;2023/2024
KJ Martin;PHI;23;60;33;27;746.5;224;97;181;53.6;8;28;28.6;22;41;53.7;41;90;131;51;32;22;12;100;528;1;0;-7;2023/2024
Bol Bol;PHX;24;43;28;15;469.0;223;93;151;61.6;22;52;42.3;15;19;78.9;32;105;137;17;19;10;25;42;499;1;0;13;2023/2024
Kevin Knox II;DET;24;31;4;27;560.2;223;86;186;46.2;31;94;33.0;20;22;90.9;18;57;75;23;22;13;7;50;386;1;0;-85;2023/2024
Omer Yurtseven;UTA;26;48;17;31;545.1;222;99;184;53.8;5;24;20.8;19;28;67.9;72;136;208;29;37;8;18;52;556;2;0;-133;2023/2024
Evan Fournier;DET;31;32;8;24;579.7;220;79;221;35.7;33;130;25.4;29;36;80.6;5;53;58;48;21;29;7;48;449;0;0;-140;2023/2024
Thomas Bryant;MIA;26;38;22;16;441.4;217;86;149;57.7;4;22;18.2;41;47;87.2;40;101;141;23;21;10;16;46;478;2;0;11;2023/2024
Shake Milton;NYK;27;48;32;16;581.2;216;79;195;40.5;18;64;28.1;40;49;81.6;14;61;75;60;31;19;6;54;440;0;0;-46;2023/2024
Tari Eason;HOU;23;22;12;10;480.1;215;88;189;46.6;18;50;36.0;21;33;63.6;46;107;153;27;20;31;19;51;569;3;0;88;2023/2024
Jalen Wilson;BKN;23;43;14;29;664.5;214;76;179;42.5;24;74;32.4;38;46;82.6;47;84;131;45;19;11;4;48;465;1;0;-4;2023/2024
Cody Martin;CHA;28;28;7;21;753.0;211;82;215;38.1;27;86;31.4;20;33;60.6;19;90;109;104;44;32;18;48;604;1;0;-157;2023/2024
MarJon Beauchamp;MIL;23;48;30;18;607.7;211;81;166;48.8;30;75;40.0;19;28;67.9;22;77;99;31;27;13;7;54;409;0;0;-12;2023/2024
Delon Wright;MIA;32;47;16;31;741.6;210;74;188;39.4;25;68;36.8;37;45;82.2;19;67;86;119;14;54;11;32;673;0;0;13;2023/2024
Dwight Powell;DAL;32;63;38;25;836.3;208;72;106;67.9;1;3;33.3;63;89;70.8;97;117;214;84;32;26;20;113;697;1;0;3;2023/2024
Eugene Omoruyi;WAS;27;43;5;38;393.3;207;81;167;48.5;13;46;28.3;32;49;65.3;35;50;85;35;21;27;5;62;437;1;0;-138;2023/2024
Oshae Brissett;BOS;26;55;46;9;630.2;201;68;153;44.4;15;55;27.3;50;83;60.2;61;99;160;44;20;19;8;54;520;0;0;114;2023/2024
JT Thor;CHA;21;63;16;47;780.6;199;80;183;43.7;28;81;34.6;11;20;55.0;43;103;146;29;15;11;27;60;517;0;0;-49;2023/2024
Richaun Holmes;WAS;30;40;13;27;554.1;199;82;147;55.8;1;3;33.3;34;47;72.3;71;111;182;25;24;11;19;74;521;4;0;-90;2023/2024
Keita Bates-Diop;BKN;28;53;29;24;664.6;197;72;166;43.4;21;69;30.4;32;42;76.2;31;79;110;38;15;25;22;35;512;0;0;-55;2023/2024
Jordan McLaughlin;MIN;28;56;35;21;626.1;195;70;145;48.3;42;89;47.2;13;18;72.2;18;54;72;110;19;35;7;31;553;0;0;155;2023/2024
Derrick Rose;MEM;35;24;6;18;399.3;191;76;165;46.1;15;41;36.6;24;27;88.9;7;38;45;78;31;8;2;21;361;0;0;-33;2023/2024
Maxi Kleber;DAL;32;43;27;16;871.4;191;63;146;43.2;32;92;34.8;33;47;70.2;30;113;143;68;28;17;30;79;578;1;0;124;2023/2024
Sandro Mamukelashvili;SAS;25;46;12;34;451.0;190;73;155;47.1;19;64;29.7;25;34;73.5;45;102;147;49;19;7;12;35;478;3;0;45;2023/2024
Anthony Gill;WAS;31;50;9;41;466.5;189;75;160;46.9;10;41;24.4;29;36;80.6;37;57;94;34;23;13;11;48;402;0;0;5;2023/2024
Zeke Nnaji;DEN;23;58;41;17;576.1;186;69;149;46.3;6;23;26.1;42;62;67.7;61;64;125;32;27;15;38;81;516;0;0;-168;2023/2024
JaVale McGee;SAC;36;46;28;18;339.4;185;79;132;59.8;1;7;14.3;26;45;57.8;42;84;126;17;34;14;20;46;430;0;0;7;2023/2024
Dalen Terry;CHI;21;59;27;32;680.7;180;69;157;43.9;17;74;23.0;25;43;58.1;29;84;113;81;32;27;18;81;540;0;0;36;2023/2024
Luka Samanic;UTA;24;43;15;28;404.4;177;60;158;38.0;13;64;20.3;44;56;78.6;22;80;102;19;28;5;7;32;336;1;0;-51;2023/2024
Bismack Biyombo;OKC;31;40;20;20;791.5;174;74;131;56.5;0;0;0.0;26;54;48.1;62;147;209;53;42;11;37;89;606;2;0;-65;2023/2024
Jacob Gilyard;BKN;25;41;12;29;698.4;173;60;150;40.0;51;126;40.5;2;2;100;9;37;46;137;30;33;5;39;518;0;0;-172;2023/2024
Mitchell Robinson;NYK;26;31;19;12;768.1;173;73;127;57.5;0;0;0.0;27;66;40.9;142;121;263;18;25;37;35;55;707;2;0;13;2023/2024
Ricky Council IV;PHI;22;32;15;17;288.6;173;54;112;48.2;12;32;37.5;53;71;74.6;14;32;46;16;5;8;1;17;274;1;0;12;2023/2024
Trey Jemison;MEM;24;25;5;20;574.0;171;75;136;55.1;0;0;0.0;21;25;84.0;64;70;134;27;34;12;28;69;458;1;0;-110;2023/2024
Jalen McDaniels;TOR;26;50;12;38;538.0;169;65;189;34.4;12;71;16.9;27;37;73.0;18;61;79;37;30;19;6;52;364;0;0;-162;2023/2024
Patrick Baldwin Jr.;WAS;21;38;6;32;493.5;168;59;155;38.1;31;97;32.0;19;28;67.9;17;106;123;29;19;18;15;56;439;2;0;-23;2023/2024
Brandon Boston Jr.;LAC;22;32;17;15;345.2;167;65;161;40.4;14;52;26.9;23;33;69.7;19;33;52;13;24;11;8;40;282;0;0;-111;2023/2024
Lester Quinones;GSW;23;37;24;13;394.5;164;56;141;39.7;32;88;36.4;20;29;69.0;21;51;72;36;17;6;2;44;311;0;0;17;2023/2024
Monte Morris;MIN;29;33;21;12;476.0;164;62;153;40.5;27;70;38.6;13;19;68.4;7;50;57;69;7;19;9;14;413;0;0;86;2023/2024
Jaden Springer;BOS;21;49;32;17;507.0;163;59;148;39.9;10;48;20.8;35;42;83.3;33;45;78;44;34;36;15;66;442;0;0;-28;2023/2024
Svi Mykhailiuk;BOS;27;41;32;9;413.2;162;57;137;41.6;42;108;38.9;6;9;66.7;11;40;51;35;12;11;1;19;300;0;0;149;2023/2024
Tristan Thompson;CLE;33;49;28;21;548.9;161;73;119;61.3;0;1;0.0;15;52;28.8;73;101;174;51;29;12;14;59;495;1;0;-13;2023/2024
Mike Muscala;OKC;32;53;17;36;600.2;157;56;156;35.9;28;96;29.2;17;25;68.0;39;86;125;37;22;9;13;52;407;0;0;-90;2023/2024
Rayan Rupert;POR;20;39;7;32;633.2;155;54;161;33.5;28;78;35.9;19;25;76.0;24;68;92;62;31;12;3;56;372;0;0;-124;2023/2024
Skylar Mays;LAL;26;38;14;24;433.3;155;63;159;39.6;16;54;29.6;13;17;76.5;10;33;43;85;20;21;4;26;389;2;0;-103;2023/2024
Neemias Queta;BOS;24;28;24;4;333.2;154;67;104;64.4;0;0;0.0;20;28;71.4;53;69;122;20;13;13;21;50;419;2;0;135;2023/2024
Javon Freeman-Liberty;TOR;24;22;3;19;403.0;153;55;124;44.4;10;42;23.8;33;36;91.7;16;54;70;40;25;10;4;28;314;0;0;-159;2023/2024
Johnny Davis;WAS;22;50;8;42;613.5;152;62;154;40.3;14;40;35.0;14;24;58.3;18;54;72;32;13;18;10;57;357;0;0;-150;2023/2024
Matt Ryan;NOP;27;28;14;14;390.4;152;49;113;43.4;41;91;45.1;13;14;92.9;6;34;40;18;19;6;1;32;229;0;0;13;2023/2024
Nassir Little;PHX;24;45;28;17;458.3;152;57;124;46.0;21;70;30.0;17;20;85.0;14;61;75;21;14;10;10;39;320;0;0;-88;2023/2024
Jarred Vanderbilt;LAL;25;29;14;15;581.2;150;59;114;51.8;8;27;29.6;24;36;66.7;41;97;138;36;28;36;5;43;465;0;0;43;2023/2024
Aleksej Pokusevski;CHA;22;28;14;14;405.4;146;49;121;40.5;18;55;32.7;30;41;73.2;17;72;89;35;19;15;13;22;370;0;0;-74;2023/2024
Danuel House Jr.;PHI;31;34;21;13;509.1;144;47;105;44.8;15;50;30.0;35;46;76.1;16;42;58;28;19;15;5;45;297;0;0;20;2023/2024
Dominick Barlow;SAS;21;33;7;26;419.5;144;56;113;49.6;3;9;33.3;29;42;69.0;45;68;113;36;9;12;14;47;403;0;0;-32;2023/2024
Johnny Juzang;UTA;23;20;5;15;371.8;144;51;110;46.4;32;77;41.6;10;14;71.4;7;29;36;23;13;4;2;29;227;0;0;-8;2023/2024
DeAndre Jordan;DEN;35;36;24;12;395.7;142;58;93;62.4;0;0;0.0;26;53;49.1;54;103;157;26;23;6;16;56;412;1;0;-88;2023/2024
Ish Smith;CHA;35;43;6;37;740.8;139;66;158;41.8;4;8;50.0;3;4;75.0;11;65;76;145;47;17;4;49;464;0;0;-280;2023/2024
Lindy Waters III;OKC;26;38;25;13;280.2;137;49;104;47.1;37;85;43.5;2;2;100;7;33;40;24;7;5;7;23;250;0;0;-35;2023/2024
Thaddeus Young;PHX;36;33;12;21;439.5;137;65;108;60.2;1;7;14.3;6;15;40.0;46;57;103;57;15;23;5;49;415;0;0;-40;2023/2024
A.J. Lawson;DAL;23;42;27;15;310.9;136;54;121;44.6;13;50;26.0;15;23;65.2;14;36;50;20;14;10;3;22;251;0;0;18;2023/2024
Vit Krejci;ATL;24;22;9;13;541.3;135;51;104;49.0;28;68;41.2;5;6;83.3;11;41;52;50;20;13;6;48;309;0;0;1;2023/2024
Noah Clowney;BKN;19;23;10;13;369.9;133;50;93;53.8;12;33;36.4;21;30;70.0;26;55;81;18;15;8;16;25;314;1;0;-54;2023/2024
Ousmane Dieng;OKC;21;33;21;12;365.0;133;49;116;42.2;21;70;30.0;14;16;87.5;10;41;51;37;19;8;5;22;270;0;0;1;2023/2024
Patty Mills;MIA;35;32;15;17;415.3;127;46;131;35.1;24;87;27.6;11;11;100;9;26;35;34;16;20;1;32;267;0;0;6;2023/2024
Robert Covington;PHI;33;29;20;9;488.4;127;43;98;43.9;19;56;33.9;22;26;84.6;31;66;97;24;11;39;18;56;439;0;0;104;2023/2024
Stanley Umude;DET;25;24;4;20;307.1;127;37;84;44.0;24;53;45.3;29;32;90.6;8;43;51;11;14;8;7;40;236;0;0;-75;2023/2024
Andre Jackson Jr.;MIL;22;57;33;24;572.3;125;50;100;50.0;17;46;37.0;8;11;72.7;43;70;113;50;28;16;6;92;374;1;0;-89;2023/2024
Olivier-Maxence Prosper;DAL;21;40;24;16;336.2;121;40;104;38.5;13;45;28.9;28;41;68.3;25;54;79;22;8;7;4;20;274;0;0;-86;2023/2024
Alex Len;SAC;31;48;24;24;444.2;120;50;81;61.7;0;3;0.0;20;34;58.8;46;82;128;50;27;11;33;66;454;0;0;142;2023/2024
Jarace Walker;IND;20;33;18;15;340.4;120;45;110;40.9;22;55;40.0;8;9;88.9;12;51;63;40;17;15;11;29;317;0;0;19;2023/2024
Yuta Watanabe;MEM;29;34;18;16;464.4;117;41;116;35.3;25;85;29.4;10;17;58.8;11;43;54;15;19;12;7;39;242;0;0;-66;2023/2024
Jeremiah Robinson-Earl;NOP;23;39;22;17;334.3;115;45;95;47.4;13;39;33.3;12;16;75.0;23;53;76;21;16;10;4;24;264;0;0;-22;2023/2024
Jontay Porter;TOR;24;26;6;20;359.7;115;40;104;38.5;20;60;33.3;15;18;83.3;26;56;82;60;21;20;20;35;402;0;0;-72;2023/2024
Devonte' Graham;SAS;29;23;8;15;312.9;114;38;108;35.2;25;83;30.1;13;16;81.3;5;31;36;49;17;9;2;14;247;0;0;23;2023/2024
Isaiah Livers;DET;25;23;1;22;469.4;114;40;116;34.5;22;77;28.6;12;18;66.7;15;33;48;25;16;13;5;43;247;0;0;-199;2023/2024
Javonte Green;CHI;30;9;5;4;230.4;110;45;75;60.0;10;27;37.0;10;13;76.9;20;47;67;5;7;10;8;19;245;1;0;28;2023/2024
Wesley Matthews;ATL;37;36;11;25;412.9;110;34;97;35.1;24;69;34.8;18;24;75.0;9;44;53;23;8;16;11;43;281;0;0;-69;2023/2024
Chuma Okeke;ORL;25;47;24;23;431.7;107;40;112;35.7;23;82;28.0;4;7;57.1;18;62;80;20;16;9;7;19;265;0;0;-70;2023/2024
Damian Jones;CLE;28;39;24;15;269.7;107;43;72;59.7;3;14;21.4;18;21;85.7;20;42;62;15;13;7;13;27;251;0;0;-91;2023/2024
Tosan Evbuomwan;DET;23;17;1;16;366.6;101;36;71;50.7;12;32;37.5;17;25;68.0;18;42;60;16;9;6;5;23;221;0;0;-128;2023/2024
Luka Garza;MIN;25;25;17;8;121.8;99;36;75;48.0;9;32;28.1;18;25;72.0;19;12;31;4;6;4;1;24;151;0;0;7;2023/2024
Orlando Robinson;MIA;23;36;20;16;303.7;99;36;72;50.0;8;15;53.3;19;25;76.0;28;56;84;34;18;7;8;35;278;1;0;12;2023/2024
Jamal Cain;MIA;25;26;14;12;259.1;97;34;79;43.0;11;31;35.5;18;23;78.3;15;22;37;10;8;10;5;22;193;0;0;-27;2023/2024
Kenneth Lofton Jr.;UTA;21;21;7;14;198.3;96;36;78;46.2;7;24;29.2;17;26;65.4;12;26;38;33;14;6;5;24;210;0;0;-11;2023/2024
Reggie Bullock Jr.;HOU;33;44;24;20;417.5;96;34;82;41.5;27;67;40.3;1;1;100;6;67;73;15;10;12;5;29;247;0;0;-53;2023/2024
Kessler Edwards;SAC;23;54;32;22;274.7;93;34;82;41.5;20;52;38.5;5;9;55.6;9;33;42;15;4;10;4;26;204;0;0;-45;2023/2024
Ben Simmons;BKN;27;15;7;8;358.9;92;43;74;58.1;0;0;0.0;6;15;40.0;31;88;119;86;27;12;9;36;400;3;0;-38;2023/2024
Jericho Sims;NYK;25;45;30;15;584.8;92;38;55;69.1;0;0;0.0;16;24;66.7;56;91;147;25;16;8;19;45;371;0;0;-10;2023/2024
Julian Phillips;CHI;20;40;20;20;322.6;89;32;77;41.6;12;38;31.6;13;19;68.4;12;24;36;13;10;7;7;40;184;0;0;-4;2023/2024
Justin Champagnie;WAS;22;15;3;12;234.8;89;32;78;41.0;13;45;28.9;12;15;80.0;19;34;53;19;10;10;9;14;228;0;0;-59;2023/2024
Kira Lewis Jr.;UTA;23;28;10;18;264.2;89;34;92;37.0;4;33;12.1;17;20;85.0;9;17;26;37;14;9;2;13;195;0;0;-67;2023/2024
Kobe Brown;LAC;24;44;27;17;394.0;89;37;90;41.1;14;48;29.2;1;2;50.0;20;42;62;25;9;12;6;49;246;0;0;-92;2023/2024
Furkan Korkmaz;PHI;26;35;22;13;299.9;88;30;76;39.5;14;40;35.0;14;20;70.0;4;26;30;25;10;14;3;17;203;0;0;45;2023/2024
Garrett Temple;TOR;38;27;5;22;288.8;88;29;78;37.2;12;40;30.0;18;22;81.8;18;27;45;28;14;12;3;28;215;0;0;-79;2023/2024
Collin Gillespie;DEN;25;24;15;9;225.4;87;32;69;46.4;15;38;39.5;8;12;66.7;1;20;21;27;14;13;0;24;178;0;0;15;2023/2024
Tristan Vukcevic;WAS;21;10;3;7;153.4;85;29;67;43.3;10;36;27.8;17;22;77.3;6;30;36;13;10;5;7;28;174;0;0;32;2023/2024
Jared Rhoden;DET;24;17;2;15;245.0;83;33;66;50.0;12;31;38.7;5;8;62.5;3;30;33;14;7;3;13;28;185;0;0;-39;2023/2024
Trent Forrest;ATL;26;38;18;20;413.8;83;34;90;37.8;2;10;20.0;13;17;76.5;11;40;51;92;20;11;3;25;304;0;0;-94;2023/2024
Gui Santos;GSW;22;23;17;6;192.1;82;28;55;50.9;10;27;37.0;16;17;94.1;17;32;49;14;7;4;2;23;173;0;0;16;2023/2024
Jaylen Nowell;DET;24;13;3;10;213.8;81;34;78;43.6;6;29;20.7;7;9;77.8;6;18;24;19;7;4;2;15;149;0;0;-33;2023/2024
Kobe Bufkin;ATL;20;17;8;9;196.0;81;34;92;37.0;9;40;22.5;4;8;50.0;6;27;33;27;10;7;5;20;187;0;0;-35;2023/2024
Ashton Hagans;POR;24;19;3;16;315.6;80;29;71;40.8;8;25;32.0;14;17;82.4;14;31;45;54;30;11;9;40;245;0;0;-4;2023/2024
Onuralp Bitim;CHI;25;23;11;12;268.0;80;32;84;38.1;12;44;27.3;4;5;80.0;6;26;32;13;10;3;2;24;143;0;0;-45;2023/2024
Cody Zeller;NOP;31;43;26;17;319.7;76;26;62;41.9;1;3;33.3;23;38;60.5;48;64;112;39;16;9;5;45;295;0;0;46;2023/2024
Moses Brown;POR;24;22;4;18;200.0;75;33;65;50.8;0;0;0.0;9;31;29.0;37;49;86;7;11;5;7;27;214;0;0;-59;2023/2024
Jules Bernard;WAS;24;19;2;17;149.3;74;29;64;45.3;11;29;37.9;5;9;55.6;10;16;26;16;8;3;1;14;133;0;0;26;2023/2024
Saben Lee;PHX;25;24;15;9;185.0;71;20;55;36.4;2;16;12.5;29;39;74.4;9;22;31;30;8;7;3;13;175;0;0;15;2023/2024
Leaky Black;CHA;25;26;2;24;284.1;69;25;52;48.1;9;20;45.0;10;15;66.7;9;39;48;24;6;8;11;19;214;0;0;-27;2023/2024
Brandon Clarke;MEM;27;6;2;4;134.3;68;33;59;55.9;1;6;16.7;1;7;14.3;13;19;32;9;3;5;6;8;150;0;0;-8;2023/2024
Markieff Morris;DAL;34;26;15;11;216.4;66;23;68;33.8;15;42;35.7;5;6;83.3;4;35;39;16;12;5;3;12;149;0;0;-57;2023/2024
Colby Jones;SAC;22;30;15;15;191.7;64;28;71;39.4;2;22;9.1;6;11;54.5;17;23;40;20;10;7;5;29;168;0;0;9;2023/2024
Charles Bassey;SAS;23;19;3;16;205.3;63;29;40;72.5;0;1;0.0;5;6;83.3;23;53;76;21;15;8;17;31;246;0;0;-46;2023/2024
Cory Joseph;GSW;32;26;10;16;295.9;63;23;64;35.9;13;42;31.0;4;7;57.1;6;24;30;42;12;4;3;25;171;0;0;-12;2023/2024
Nate Williams;HOU;25;22;11;11;129.4;63;27;50;54.0;2;5;40.0;7;13;53.8;12;11;23;7;4;4;1;10;112;0;0;23;2023/2024
Justin Minaya;POR;25;34;3;31;381.0;61;22;74;29.7;12;49;24.5;5;9;55.6;30;26;56;21;9;9;10;35;208;0;0;-81;2023/2024
Theo Maledon;PHX;23;17;5;12;213.2;59;20;70;28.6;5;30;16.7;14;15;93.3;4;20;24;28;18;7;0;21;133;0;0;-65;2023/2024
Harry Giles III;LAL;26;23;11;12;99.9;56;23;50;46.0;3;14;21.4;7;13;53.8;12;18;30;6;6;2;3;15;110;0;0;-41;2023/2024
Brandon Williams;DAL;24;17;10;7;112.9;54;20;54;37.0;3;15;20.0;11;17;64.7;4;9;13;17;7;1;1;4;94;0;0;-57;2023/2024
Micah Potter;UTA;26;16;3;13;186.1;53;19;40;47.5;9;21;42.9;6;8;75.0;10;33;43;6;5;4;6;14;139;0;0;-28;2023/2024
Jeff Dowtin Jr.;PHI;27;12;7;5;142.0;52;20;36;55.6;9;19;47.4;3;4;75.0;3;17;20;27;5;7;1;1;136;0;0;21;2023/2024
P.J. Tucker;LAC;39;31;13;18;486.3;52;18;50;36.0;13;35;37.1;3;3;100;28;57;85;16;8;16;7;54;239;0;0;-24;2023/2024
Terquavion Smith;PHI;21;16;8;8;84.5;52;18;46;39.1;13;35;37.1;3;5;60.0;0;4;4;12;7;8;0;8;92;0;0;-7;2023/2024
James Bouknight;CHA;23;14;0;14;80.9;50;18;41;43.9;13;30;43.3;1;2;50.0;1;8;9;6;2;1;1;3;74;0;0;-11;2023/2024
Josh Minott;MIN;21;32;23;9;91.4;50;17;36;47.2;4;10;40.0;12;14;85.7;4;13;17;8;2;5;5;10;110;0;0;20;2023/2024
AJ Griffin;ATL;20;20;8;12;170.7;48;18;62;29.0;10;39;25.6;2;2;100;2;16;18;5;8;1;2;6;78;0;0;-51;2023/2024
Darius Bazley;UTA;24;9;2;7;151.8;48;18;30;60.0;2;8;25.0;10;12;83.3;8;20;28;7;8;6;7;3;123;0;0;-33;2023/2024
Maozinha Pereira;MEM;23;7;2;5;121.6;48;18;35;51.4;5;13;38.5;7;10;70.0;11;26;37;2;5;6;4;10;120;1;0;9;2023/2024
Jahmi'us Ramsey;TOR;23;7;0;7;121.1;47;18;41;43.9;6;22;27.3;5;6;83.3;4;18;22;8;7;7;0;10;99;0;0;-28;2023/2024
Terry Taylor;CHI;24;31;12;19;187.6;46;20;39;51.3;2;9;22.2;4;5;80.0;17;20;37;10;7;5;2;17;119;0;0;16;2023/2024
Boban Marjanovic;HOU;35;14;9;5;70.9;45;18;34;52.9;0;2;0.0;9;14;64.3;7;25;32;6;5;1;2;5;96;0;0;-20;2023/2024
Sidy Cissoko;SAS;20;12;5;7;140.9;45;16;33;48.5;1;12;8.3;12;15;80.0;8;14;22;10;3;7;3;18;113;0;0;25;2023/2024
Ryan Rollins;MIL;21;13;1;12;77.8;44;14;27;51.9;3;4;75.0;13;17;76.5;2;11;13;14;8;10;3;8;112;0;0;62;2023/2024
DeJon Jarreau;MEM;26;9;2;7;149.5;43;17;50;34.0;4;13;30.8;5;11;45.5;8;36;44;26;9;6;2;14;150;0;0;-24;2023/2024
Dylan Windler;ATL;27;17;9;8;108.4;43;15;30;50.0;13;27;48.1;0;0;0.0;3;13;16;10;2;2;0;6;81;0;0;-16;2023/2024
Armoni Brooks;BKN;26;10;3;7;104.0;42;15;46;32.6;11;32;34.4;1;2;50.0;7;11;18;5;3;1;1;3;74;0;0;28;2023/2024
Cole Swider;MIA;25;18;8;10;86.8;42;15;38;39.5;10;30;33.3;2;2;100;1;6;7;5;8;1;1;4;56;0;0;-20;2023/2024
Jalen Pickett;DEN;24;27;20;7;121.8;42;15;35;42.9;9;25;36.0;3;4;75.0;1;13;14;21;9;4;0;13;93;0;0;-1;2023/2024
Zavier Simpson;MEM;27;7;1;6;161.4;42;17;54;31.5;5;17;29.4;3;4;75.0;4;16;20;25;10;7;3;11;124;0;0;-29;2023/2024
Emoni Bates;CLE;20;15;8;7;132.8;41;15;49;30.6;10;33;30.3;1;4;25.0;1;13;14;10;8;1;2;5;74;0;0;-84;2023/2024
Robert Williams III;POR;26;6;2;4;118.8;41;17;26;65.4;0;0;0.0;7;9;77.8;11;27;38;5;7;7;7;17;129;0;0;-30;2023/2024
T.J. Warren;MIN;30;11;7;4;124.7;41;18;41;43.9;2;13;15.4;3;4;75.0;5;17;22;9;4;4;1;11;92;0;0;51;2023/2024
Trevelin Queen;ORL;27;14;5;9;164.7;40;14;38;36.8;3;17;17.6;9;12;75.0;3;17;20;18;7;7;5;15;120;0;0;-9;2023/2024
Dru Smith;MIA;26;9;7;2;130.9;39;15;33;45.5;7;17;41.2;2;2;100;6;8;14;14;5;9;3;12;108;0;0;-43;2023/2024
Joe Harris;DET;32;16;4;12;170.0;39;14;39;35.9;10;30;33.3;1;2;50.0;3;10;13;10;4;3;2;19;81;0;0;-48;2023/2024
Otto Porter Jr.;TOR;31;15;6;9;174.1;39;14;33;42.4;8;23;34.8;3;3;100;6;23;29;8;2;5;5;19;114;0;0;22;2023/2024
Marques Bolden;CHA;26;11;5;6;121.3;37;17;25;68.0;0;1;0.0;3;4;75.0;10;24;34;4;3;3;7;10;111;0;0;-16;2023/2024
Adama Sanogo;CHI;22;9;3;6;65.8;36;14;27;51.9;0;0;0.0;8;12;66.7;19;17;36;0;5;1;0;5;77;1;0;34;2023/2024
Udoka Azubuike;PHX;24;16;12;4;112.8;35;16;23;69.6;0;0;0.0;3;13;23.1;11;21;32;3;4;1;6;17;95;1;0;-48;2023/2024
Buddy Boeheim;DET;24;10;0;10;84.0;34;9;29;31.0;8;25;32.0;8;10;80.0;3;7;10;3;0;0;1;5;54;0;0;21;2023/2024
Gabe Vincent;LAL;28;11;7;4;217.6;34;15;49;30.6;3;28;10.7;1;2;50.0;4;5;9;21;5;9;0;19;98;0;0;31;2023/2024
Ibou Badji;POR;21;22;5;17;225.8;34;14;22;63.6;0;0;0.0;6;12;50.0;20;31;51;13;15;3;20;46;169;0;0;-90;2023/2024
Jalen Hood-Schifino;LAL;21;21;10;11;109.0;34;10;45;22.2;2;15;13.3;12;20;60.0;2;11;13;8;9;3;2;13;68;0;0;-54;2023/2024
Olivier Sarr;OKC;25;15;8;7;98.2;34;11;19;57.9;2;6;33.3;10;15;66.7;10;26;36;2;3;0;7;18;98;0;0;1;2023/2024
Taj Gibson;DET;39;20;8;12;204.5;34;15;37;40.5;2;10;20.0;2;2;100;12;25;37;11;5;3;7;31;120;0;0;-29;2023/2024
Nate Hinton;HOU;25;15;8;7;74.6;33;11;26;42.3;7;14;50.0;4;5;80.0;7;15;22;10;3;3;2;11;86;0;0;13;2023/2024
Nathan Mensah;CHA;26;25;3;22;306.6;33;12;28;42.9;0;0;0.0;9;12;75.0;29;36;65;9;14;6;14;64;171;0;0;-133;2023/2024
Xavier Moon;LAC;29;14;7;7;119.3;33;15;46;32.6;2;17;11.8;1;2;50.0;8;10;18;21;5;3;3;8;99;0;0;-37;2023/2024
Matt Hurt;MEM;24;8;2;6;113.2;32;12;34;35.3;5;20;25.0;3;3;100;9;7;16;4;2;3;3;8;73;0;0;-12;2023/2024
Thanasis Antetokounmpo;MIL;31;34;21;13;155.4;32;16;30;53.3;0;1;0.0;0;2;0.0;7;6;13;17;14;7;4;24;92;0;0;-40;2023/2024
Jerome Robinson;GSW;27;22;17;5;80.7;31;11;33;33.3;2;17;11.8;7;11;63.6;1;5;6;5;2;1;3;5;56;0;0;27;2023/2024
Keon Johnson;BKN;22;5;0;5;61.4;31;8;21;38.1;4;10;40.0;11;12;91.7;3;4;7;3;5;3;1;5;51;0;0;-25;2023/2024
Jett Howard;ORL;20;18;9;9;66.5;29;10;30;33.3;7;25;28.0;2;4;50.0;1;6;7;6;3;2;2;4;55;0;0;4;2023/2024
Leonard Miller;MIN;20;17;13;4;52.4;29;13;20;65.0;2;5;40.0;1;2;50.0;5;15;20;8;1;2;1;5;73;0;0;8;2023/2024
Moussa Diabate;LAC;22;11;7;4;64.2;29;10;19;52.6;0;0;0.0;9;14;64.3;15;9;24;4;2;5;1;4;80;0;0;-2;2023/2024
Daishen Nix;MIN;22;15;11;4;49.8;27;9;24;37.5;6;17;35.3;3;6;50.0;1;2;3;6;5;5;0;2;50;0;0;28;2023/2024
Admiral Schofield;ORL;27;23;15;8;84.4;26;10;26;38.5;6;16;37.5;0;2;0.0;3;14;17;7;5;1;0;9;55;0;0;-13;2023/2024
Chris Livingston;MIL;20;21;13;8;90.5;26;11;22;50.0;1;5;20.0;3;4;75.0;3;18;21;5;5;2;0;15;60;0;0;-27;2023/2024
David Duke Jr.;SAS;24;4;3;1;51.4;26;10;18;55.6;3;6;50.0;3;3;100;2;8;10;5;3;2;0;4;49;0;0;6;2023/2024
Mouhamadou Gueye;TOR;25;11;0;11;119.9;26;11;38;28.9;0;3;0.0;4;9;44.4;12;11;23;5;12;3;18;15;112;0;0;-80;2023/2024
Oscar Tshiebwe;IND;24;8;2;6;41.9;26;10;20;50.0;0;0;0.0;6;8;75.0;8;8;16;2;0;2;1;3;57;0;0;14;2023/2024
Colin Castleton;LAL;24;16;9;7;59.1;24;9;16;56.3;0;0;0.0;6;6;100;6;6;12;3;3;2;0;11;46;0;0;-44;2023/2024
Mouhamed Gueye;ATL;21;6;2;4;72.8;24;8;23;34.8;3;9;33.3;5;6;83.3;10;12;22;4;1;5;4;13;82;0;0;-41;2023/2024
Amari Bailey;CHA;20;10;1;9;64.6;23;8;24;33.3;1;8;12.5;6;7;85.7;6;3;9;7;4;3;0;2;49;0;0;5;2023/2024
Isaiah Mobley;CLE;24;10;2;8;71.9;23;10;24;41.7;3;10;30.0;0;1;0.0;3;7;10;6;2;2;0;6;48;0;0;-30;2023/2024
Ish Wainright;PHX;29;11;2;9;62.4;23;7;24;29.2;7;20;35.0;2;2;100;3;11;14;1;2;4;1;8;54;0;0;-4;2023/2024
Jay Huff;DEN;26;20;16;4;49.3;23;9;15;60.0;3;9;33.3;2;2;100;2;9;11;2;1;2;3;9;53;0;0;-9;2023/2024
RaiQuan Gray;SAS;24;3;2;1;39.0;23;10;17;58.8;3;7;42.9;0;0;0.0;2;5;7;6;1;1;1;0;45;0;0;14;2023/2024
Braxton Key;DEN;27;20;14;6;60.0;22;7;17;41.2;2;5;40.0;6;8;75.0;3;15;18;9;1;2;1;5;65;0;0;-11;2023/2024
Dexter Dennis;DAL;25;4;1;3;29.9;22;10;19;52.6;1;8;12.5;1;3;33.3;1;8;9;4;3;0;1;1;39;0;0;-9;2023/2024
Jamaree Bouyea;SAS;25;9;2;7;94.9;21;10;28;35.7;1;9;11.1;0;0;0.0;3;16;19;11;9;1;0;10;54;0;0;-15;2023/2024
Kendall Brown;IND;21;15;10;5;62.5;21;8;15;53.3;0;2;0.0;5;8;62.5;3;2;5;5;2;0;0;9;33;0;0;-24;2023/2024
Hunter Tyson;DEN;24;18;14;4;48.0;20;8;20;40.0;4;14;28.6;0;0;0.0;1;8;9;2;2;1;0;10;35;0;0;8;2023/2024
Jermaine Samuels Jr.;HOU;25;14;8;6;60.1;20;9;14;64.3;0;2;0.0;2;2;100;3;10;13;3;0;1;2;5;49;0;0;-13;2023/2024
Kobi Simmons;TOR;26;4;0;4;67.4;20;9;21;42.9;2;8;25.0;0;0;0.0;1;6;7;12;1;6;2;5;69;0;0;-31;2023/2024
Malik Williams;TOR;25;7;2;5;106.5;19;9;34;26.5;1;5;20.0;0;2;0.0;15;23;38;2;3;3;4;15;86;0;0;-56;2023/2024
Robin Lopez;MIL;36;16;10;6;64.7;18;7;19;36.8;2;8;25.0;2;2;100;3;2;5;4;2;1;3;7;40;0;0;-23;2023/2024
Taze Moore;POR;25;4;1;3;40.3;18;8;19;42.1;1;7;14.3;1;2;50.0;4;4;8;5;3;2;0;4;38;0;0;-22;2023/2024
Wendell Moore Jr.;MIN;22;25;18;7;75.1;18;9;18;50.0;0;6;0.0;0;0;0.0;0;12;12;6;4;5;1;5;55;0;0;-6;2023/2024
Wenyen Gabriel;MEM;27;5;1;4;81.0;17;8;22;36.4;1;6;16.7;0;5;0.0;7;18;25;3;8;2;2;10;56;0;0;-16;2023/2024
JD Davison;BOS;21;8;8;0;39.0;16;5;12;41.7;3;7;42.9;3;4;75.0;2;8;10;10;2;1;1;4;47;0;0;23;2023/2024
Alex Fudge;DAL;21;6;1;5;40.2;15;6;15;40.0;1;5;20.0;2;2;100;4;1;5;0;2;3;0;2;28;0;0;-39;2023/2024
Greg Brown III;DAL;22;6;3;3;39.7;15;5;11;45.5;1;3;33.3;4;9;44.4;3;6;9;4;4;0;4;5;40;0;0;-9;2023/2024
Jordan Walsh;BOS;20;9;9;0;83.5;15;6;15;40.0;2;9;22.2;1;2;50.0;5;15;20;5;3;5;1;11;62;0;0;47;2023/2024
D'Moi Hodge;LAL;25;7;1;6;41.2;14;5;15;33.3;3;12;25.0;1;2;50.0;0;0;0;5;1;1;1;4;27;0;0;-35;2023/2024
DaQuan Jeffries;NYK;26;17;11;6;46.0;14;6;17;35.3;2;10;20.0;0;2;0.0;0;5;5;5;3;0;1;2;28;0;0;-10;2023/2024
Dereon Seabron;NOP;24;6;3;3;55.1;14;4;13;30.8;1;2;50.0;5;6;83.3;1;6;7;5;0;2;1;4;39;0;0;28;2023/2024
Seth Lundy;ATL;24;9;2;7;52.0;14;4;17;23.5;3;13;23.1;3;4;75.0;1;6;7;0;1;0;0;6;21;0;0;-13;2023/2024
TyTy Washington Jr.;MIL;22;11;5;6;55.9;14;6;20;30.0;2;6;33.3;0;0;0.0;1;4;5;5;2;3;0;1;35;0;0;-13;2023/2024
Jacob Toppin;NYK;24;9;2;7;38.2;13;5;9;55.6;1;4;25.0;2;2;100;3;4;7;3;1;0;1;3;28;0;0;-16;2023/2024
Jordan Miller;LAC;24;8;5;3;28.2;13;5;9;55.6;1;2;50.0;2;2;100;3;2;5;0;1;0;0;2;18;0;0;-13;2023/2024
Timmy Allen;MEM;24;5;0;5;125.5;13;6;23;26.1;0;7;0.0;1;2;50.0;4;13;17;5;2;4;0;18;51;0;0;-65;2023/2024
Jason Preston;UTA;24;7;2;5;71.1;12;6;19;31.6;0;3;0.0;0;0;0.0;6;11;17;16;2;2;1;3;63;0;0;23;2023/2024
Jordan Ford;SAC;26;6;2;4;21.8;12;4;7;57.1;2;3;66.7;2;2;100;0;2;2;2;1;0;0;0;16;0;0;14;2023/2024
Mamadi Diakite;NYK;27;6;5;1;24.4;12;4;6;66.7;0;1;0.0;4;6;66.7;1;3;4;2;1;1;1;2;25;0;0;3;2023/2024
D.J. Carton;TOR;23;4;2;2;35.5;11;3;8;37.5;1;4;25.0;4;5;80.0;2;2;4;3;1;1;0;3;22;0;0;-31;2023/2024
Drew Peterson;BOS;24;3;3;0;22.7;11;4;6;66.7;3;5;60.0;0;0;0.0;0;1;1;1;1;2;0;1;19;0;0;8;2023/2024
Henri Drell;CHI;24;4;2;2;29.9;11;4;10;40.0;2;6;33.3;1;2;50.0;1;3;4;4;2;2;1;6;29;0;0;6;2023/2024
Keyontae Johnson;OKC;24;9;7;2;66.2;11;5;16;31.3;1;3;33.3;0;0;0.0;4;6;10;4;4;1;0;5;28;0;0;-7;2023/2024
Maxwell Lewis;LAL;21;34;18;16;102.8;11;4;21;19.0;1;9;11.1;2;3;66.7;2;2;4;6;10;2;1;5;24;0;0;-73;2023/2024
D.J. Wilson;PHI;28;2;1;1;15.5;10;4;6;66.7;2;2;100;0;0;0.0;1;1;2;2;0;0;2;1;21;0;0;2;2023/2024
R.J. Hampton;MIA;23;8;3;5;76.0;10;4;14;28.6;1;8;12.5;1;2;50.0;2;4;6;8;3;0;0;8;26;0;0;21;2023/2024
Isaiah Thomas;PHX;35;6;4;2;19.4;8;3;10;30.0;2;4;50.0;0;0;0.0;0;0;0;3;0;0;0;0;13;0;0;-14;2023/2024
Jalen Slawson;SAC;24;12;8;4;37.0;8;4;6;66.7;0;2;0.0;0;0;0.0;1;6;7;2;2;1;1;8;23;0;0;-6;2023/2024
James Johnson;IND;37;9;4;5;47.2;8;3;10;30.0;0;2;0.0;2;2;100;1;3;4;8;5;5;1;9;38;0;0;5;2023/2024
Juan Toscano-Anderson;SAC;31;11;7;4;52.7;7;3;12;25.0;1;4;25.0;0;0;0.0;4;10;14;4;2;1;1;11;34;0;0;-9;2023/2024
Mason Jones;SAC;25;5;3;2;27.7;7;2;8;25.0;2;7;28.6;1;2;50.0;1;4;5;5;2;1;0;3;22;0;0;-7;2023/2024
Charlie Brown Jr.;NYK;27;8;2;6;37.3;6;2;10;20.0;2;7;28.6;0;0;0.0;1;1;2;0;2;0;2;5;12;0;0;-6;2023/2024
Jack White;MEM;26;4;0;4;63.6;6;2;16;12.5;2;10;20.0;0;0;0.0;4;8;12;1;2;4;1;3;35;0;0;-28;2023/2024
Lindell Wigginton;MIL;26;3;3;0;7.6;6;2;5;40.0;0;2;0.0;2;2;100;0;0;0;0;1;0;0;1;5;0;0;-10;2023/2024
Alondes Williams;MIA;25;7;5;2;15.6;5;2;8;25.0;0;4;0.0;1;1;100;0;1;1;0;2;0;1;2;7;0;0;-20;2023/2024
Frank Ntilikina;CHA;25;5;0;5;42.9;5;1;9;11.1;1;8;12.5;2;2;100;1;5;6;4;1;0;0;4;17;0;0;-1;2023/2024
E.J. Liddell;NOP;23;8;3;5;23.1;4;1;6;16.7;0;5;0.0;2;2;100;0;5;5;1;2;2;2;2;22;0;0;-4;2023/2024
Izaiah Brockington;NOP;24;1;1;0;3.4;4;2;5;40.0;0;1;0.0;0;0;0.0;1;1;2;0;0;0;0;0;6;0;0;3;2023/2024
Kevon Harris;ORL;27;2;1;1;6.0;4;2;3;66.7;0;0;0.0;0;0;0.0;0;2;2;1;1;0;0;3;7;0;0;0;2023/2024
Pat Spencer;GSW;27;6;4;2;25.6;4;2;4;50.0;0;2;0.0;0;0;0.0;2;2;4;5;1;0;0;1;15;0;0;-6;2023/2024
Ty Jerome;CLE;26;2;1;1;14.8;4;2;4;50.0;0;1;0.0;0;0;0.0;1;0;1;3;1;0;0;2;9;0;0;-14;2023/2024
Adam Flagler;OKC;24;2;2;0;14.0;3;1;7;14.3;1;6;16.7;0;0;0.0;0;0;0;4;0;0;0;0;9;0;0;0;2023/2024
Dariq Whitehead;BKN;19;2;1;1;24.0;3;1;5;20.0;0;3;0.0;1;2;50.0;0;4;4;3;0;0;1;0;15;0;0;-22;2023/2024
Filip Petrusev;SAC;24;3;2;1;9.3;3;1;2;50.0;0;0;0.0;1;2;50.0;0;1;1;0;0;0;0;1;4;0;0;6;2023/2024
Pete Nance;CLE;24;8;3;5;27.4;3;1;6;16.7;1;1;100;0;2;0.0;0;3;3;0;1;1;0;2;9;0;0;-23;2023/2024
Usman Garuba;GSW;22;6;5;1;17.8;3;1;6;16.7;0;1;0.0;1;2;50.0;3;4;7;1;2;1;3;2;23;0;0;-11;2023/2024
Hamidou Diallo;WAS;25;2;1;1;4.8;2;1;2;50.0;0;0;0.0;0;0;0.0;2;0;2;1;1;2;0;1;11;0;0;4;2023/2024
Isaiah Wong;IND;23;1;1;0;4.3;2;1;3;33.3;0;1;0.0;0;0;0.0;0;0;0;0;0;0;0;0;2;0;0;-5;2023/2024
Joshua Primo;LAC;21;2;2;0;10.3;2;1;3;33.3;0;1;0.0;0;0;0.0;1;0;1;0;4;0;1;0;2;0;0;-1;2023/2024
Markquis Nowell;TOR;24;1;0;1;3.5;2;0;1;0.0;0;0;0.0;2;2;100;2;0;2;2;0;1;0;0;10;0;0;4;2023/2024
Quenton Jackson;IND;25;3;3;0;10.5;2;0;1;0.0;0;0;0.0;2;2;100;0;4;4;2;0;1;0;1;13;0;0;0;2023/2024
Shaquille Harrison;MEM;30;3;1;2;6.0;2;1;2;50.0;0;0;0.0;0;0;0.0;0;2;2;0;0;0;1;0;7;0;0;-11;2023/2024
Andrew Funk;CHI;24;5;3;2;13.4;0;0;4;0.0;0;3;0.0;0;0;0.0;0;0;0;0;0;1;1;0;6;0;0;4;2023/2024
Danny Green;PHI;37;2;1;1;18.4;0;0;2;0.0;0;1;0.0;0;0;0.0;0;2;2;1;0;1;0;1;7;0;0;0;2023/2024
Dmytro Skapintsev;NYK;26;2;0;2;2.1;0;0;1;0.0;0;0;0.0;0;0;0.0;0;0;0;0;0;0;0;0;0;0;0;0;2023/2024
Jalen Crutcher;NOP;24;1;1;0;2.6;0;0;1;0.0;0;0;0.0;0;0;0.0;0;0;0;0;0;0;0;0;0;0;0;1;2023/2024
Javonte Smart;PHI;25;1;1;0;0.7;0;0;0;0.0;0;0;0.0;0;0;0.0;0;0;0;0;0;0;0;0;0;0;0;-3;2023/2024
Justin Jackson;MIN;29;2;2;0;0.7;0;0;0;0.0;0;0;0.0;0;0;0.0;0;0;0;0;0;0;0;0;0;0;0;0;2023/2024
Kaiser Gates;NOP;27;1;0;1;7.4;0;0;4;0.0;0;2;0.0;0;0;0.0;0;1;1;0;0;0;0;0;1;0;0;-2;2023/2024
Malcolm Cazalon;DET;22;1;0;1;2.6;0;0;0;0.0;0;0;0.0;0;0;0.0;0;0;0;0;0;0;0;0;0;0;0;5;2023/2024
Ron Harper Jr.;TOR;24;1;1;0;3.6;0;0;0;0.0;0;0;0.0;0;0;0.0;0;0;0;1;0;0;0;2;2;0;0;-9;2023/2024
Ryan Arcidiacono;NYK;30;20;15;5;45.2;0;0;6;0.0;0;6;0.0;0;0;0.0;0;8;8;4;2;2;0;5;20;0;0;2;2023/2024
